INSERT INTO socio (id, nro, nombre, apellido, tipoDoc, numDoc, correo, telefono, domicilio, entidadcrediticia_id, tarjetaNum, activo, ctacte) VALUES (1, '0', 'Consumidor', 'Final', 'dni', 99999999, 'NULL', 'NULL', 'NULL', NULL, 'NULL', true, 0);
INSERT INTO socio (id, nro, nombre, apellido, tipoDoc, numDoc, correo, telefono, domicilio, entidadcrediticia_id, tarjetaNum, activo, ctacte) VALUES (2, '1', ' ', ' Ayre sociedad anonima ', 'cuit', 30712235515, 'NULL', 'NULL', 'san martin 824', NULL, 'NULL', true, 0);
INSERT INTO socio (id, nro, nombre, apellido, tipoDoc, numDoc, correo, telefono, domicilio, entidadcrediticia_id, tarjetaNum, activo, ctacte) VALUES (3, '4', ' Matias ', ' Razza ', 'dni', 16790051, 'NULL', '15610376', 'las margaritas 429', NULL, 'NULL', true, 0);
INSERT INTO socio (id, nro, nombre, apellido, tipoDoc, numDoc, correo, telefono, domicilio, entidadcrediticia_id, tarjetaNum, activo, ctacte) VALUES (4, '18', ' ', ' Club nautico ioshlelk oten ', 'cuit', 30670675897, 'NULL', 'NULL', 'dr. manuel mantilla 1047 rg', NULL, 'NULL', true, 0);
INSERT INTO socio (id, nro, nombre, apellido, tipoDoc, numDoc, correo, telefono, domicilio, entidadcrediticia_id, tarjetaNum, activo, ctacte) VALUES (5, '19', ' Gabriel ', ' Echeverria ', 'dni', 99999999, 'NULL', 'NULL', 'NULL', NULL, 'NULL', true, 0);
INSERT INTO socio (id, nro, nombre, apellido, tipoDoc, numDoc, correo, telefono, domicilio, entidadcrediticia_id, tarjetaNum, activo, ctacte) VALUES (6, '20', ' ', ' Asociacion de motoviajeros latitud 54 s ', 'dni', 71729569, 'contacto@latitud54sur.com.ar', 'NULL', 'peron sur 864', NULL, 'NULL', true, 0);
INSERT INTO socio (id, nro, nombre, apellido, tipoDoc, numDoc, correo, telefono, domicilio, entidadcrediticia_id, tarjetaNum, activo, ctacte) VALUES (7, '21', ' ', ' Asoc.civil de medicos pediatras de ushu ', 'dni', 71635180, 'NULL', 'NULL', '12 de octubre 65 hosp reg ushuaia', NULL, 'NULL', true, 0);
INSERT INTO socio (id, nro, nombre, apellido, tipoDoc, numDoc, correo, telefono, domicilio, entidadcrediticia_id, tarjetaNum, activo, ctacte) VALUES (8, '164', ' Carlos Anildo ', ' Henninger ', 'dni', 7672355, 'hencar@speedy.com.ar', '432636-066 96 8', 'm. sanchez caballero nº 1792', 1.0, '4249673000000403', true, 0);
INSERT INTO socio_servicio (socio_id, servicio_id) VALUES (8, 15.0);
INSERT INTO socio (id, nro, nombre, apellido, tipoDoc, numDoc, correo, telefono, domicilio, entidadcrediticia_id, tarjetaNum, activo, ctacte) VALUES (9, '170', ' Roberto Anibal ', ' Brizuela ', 'dni', 5404815, 'NULL', '15501222', 'polidoro seguers nº 37', 1.0, '4239850000487572', true, 0);
INSERT INTO socio_servicio (socio_id, servicio_id) VALUES (9, 15.0);
INSERT INTO socio (id, nro, nombre, apellido, tipoDoc, numDoc, correo, telefono, domicilio, entidadcrediticia_id, tarjetaNum, activo, ctacte) VALUES (10, '325', ' Mario Jose ', ' Carzo ', 'dni', 4444359, 'NULL', '15512964', 'popper 20', NULL, 'NULL', true, 0);
INSERT INTO socio_servicio (socio_id, servicio_id) VALUES (10, 15.0);
INSERT INTO socio (id, nro, nombre, apellido, tipoDoc, numDoc, correo, telefono, domicilio, entidadcrediticia_id, tarjetaNum, activo, ctacte) VALUES (11, '347', ' Marcelo Edgardo ', ' Aranda ', 'dni', 8495273, 'arandamarcelo.ush@gmail.com', '443029-15619096', 'kuanip nº 2105', 2.0, '5597984680140616', true, 0);
INSERT INTO socio_servicio (socio_id, servicio_id) VALUES (11, 15.0);
INSERT INTO socio (id, nro, nombre, apellido, tipoDoc, numDoc, correo, telefono, domicilio, entidadcrediticia_id, tarjetaNum, activo, ctacte) VALUES (12, '388', ' Horacio ', ' Burgos ', 'dni', 10635506, 'hjburgos@gmail.com', '423499', 'los arrieros nº 343', 2.0, '5536380057282566', true, 0);
INSERT INTO socio_servicio (socio_id, servicio_id) VALUES (12, 15.0);
INSERT INTO socio (id, nro, nombre, apellido, tipoDoc, numDoc, correo, telefono, domicilio, entidadcrediticia_id, tarjetaNum, activo, ctacte) VALUES (13, '420', ' Juan Carlos ', ' Begue ', 'dni', 8028147, 'NULL', '422244-15513848', 'san martin nº 740', 1.0, '4016690000003436', true, 0);
INSERT INTO socio_servicio (socio_id, servicio_id) VALUES (13, 15.0);
INSERT INTO socio (id, nro, nombre, apellido, tipoDoc, numDoc, correo, telefono, domicilio, entidadcrediticia_id, tarjetaNum, activo, ctacte) VALUES (14, '430', ' Sergio Oscar ', ' Reymundo ', 'dni', 10949890, 'reymundos@gmail.com', '15606500', 'av. de los nires 3225', 1.0, '4249670000007453', true, 0);
INSERT INTO socio_servicio (socio_id, servicio_id) VALUES (14, 15.0);
INSERT INTO socio (id, nro, nombre, apellido, tipoDoc, numDoc, correo, telefono, domicilio, entidadcrediticia_id, tarjetaNum, activo, ctacte) VALUES (15, '431', ' Carlos Alberto ', ' Arroyabe ', 'dni', 8686340, 'NULL', '(0280) 424025', 'libertad n 475 trelew', 2.0, '5570810087550266', true, 0);
INSERT INTO socio_servicio (socio_id, servicio_id) VALUES (15, 15.0);
INSERT INTO socio (id, nro, nombre, apellido, tipoDoc, numDoc, correo, telefono, domicilio, entidadcrediticia_id, tarjetaNum, activo, ctacte) VALUES (16, '432', ' Miguel Angel ', ' Carrica ', 'dni', 8703702, 'NULL', '422353', 'intevu 13 casa nº 34', 1.0, '4249660000011290', true, 0);
INSERT INTO socio_servicio (socio_id, servicio_id) VALUES (16, 15.0);
INSERT INTO socio (id, nro, nombre, apellido, tipoDoc, numDoc, correo, telefono, domicilio, entidadcrediticia_id, tarjetaNum, activo, ctacte) VALUES (17, '447', ' Juan Manuel ', ' Romano ', 'dni', 8426008, 'j.m.romano@hotmail.com', '423220 /1560252', 'olegario andrade nº 540', 1.0, '4697710002779894', true, 0);
INSERT INTO socio_servicio (socio_id, servicio_id) VALUES (17, 15.0);
INSERT INTO socio (id, nro, nombre, apellido, tipoDoc, numDoc, correo, telefono, domicilio, entidadcrediticia_id, tarjetaNum, activo, ctacte) VALUES (18, '451', ' Miguel Angel ', ' Oyarzun ', 'dni', 8355527, 'NULL', '421165', 'san martin nº 443', 3.0, '1-00422-0/0', true, 0);
INSERT INTO socio_servicio (socio_id, servicio_id) VALUES (18, 15.0);
INSERT INTO socio (id, nro, nombre, apellido, tipoDoc, numDoc, correo, telefono, domicilio, entidadcrediticia_id, tarjetaNum, activo, ctacte) VALUES (19, '454', ' Juan Carlos ', ' Ruhle ', 'dni', 12290794, 'jcrromeo@gmail.com', '423631', 'intevu 6 casa nº 5', NULL, 'NULL', true, 0);
INSERT INTO socio_servicio (socio_id, servicio_id) VALUES (19, 15.0);
INSERT INTO socio (id, nro, nombre, apellido, tipoDoc, numDoc, correo, telefono, domicilio, entidadcrediticia_id, tarjetaNum, activo, ctacte) VALUES (20, '456', ' Alejandro ', ' Motter Fadul ', 'dni', 10626083, 'jorgemotter@yahoo.com.ar', '15485100', '12 de octubre 178', 2.0, '5597984993037483', true, 0);
INSERT INTO socio_servicio (socio_id, servicio_id) VALUES (20, 15.0);
INSERT INTO socio (id, nro, nombre, apellido, tipoDoc, numDoc, correo, telefono, domicilio, entidadcrediticia_id, tarjetaNum, activo, ctacte) VALUES (21, '474', ' Gustavo Hector ', ' Featherston ', 'dni', 11096360, 'NULL', '430425/15603334', 'magallanes nº 1454 tira i 2', 3.0, '1-00263-0/6', true, 0);
INSERT INTO socio_servicio (socio_id, servicio_id) VALUES (21, 15.0);
INSERT INTO socio (id, nro, nombre, apellido, tipoDoc, numDoc, correo, telefono, domicilio, entidadcrediticia_id, tarjetaNum, activo, ctacte) VALUES (22, '519', ' Jorge Alberto ', ' Molinolo ', 'dni', 8357906, 'jamolinologmail.com', '422543-15609071', 'beauvoir nº 1553', 1.0, '4540730021417754', true, 0);
INSERT INTO socio_servicio (socio_id, servicio_id) VALUES (22, 15.0);
INSERT INTO socio (id, nro, nombre, apellido, tipoDoc, numDoc, correo, telefono, domicilio, entidadcrediticia_id, tarjetaNum, activo, ctacte) VALUES (23, '533', ' Nestor Rodolfo ', ' Cardoso ', 'dni', 11690412, 'nestor.cardoso@gmail.com', '430358-15411238', 'leandro n alen 2185', 1.0, '4304978000796872', true, 0);
INSERT INTO socio_servicio (socio_id, servicio_id) VALUES (23, 15.0);
INSERT INTO socio (id, nro, nombre, apellido, tipoDoc, numDoc, correo, telefono, domicilio, entidadcrediticia_id, tarjetaNum, activo, ctacte) VALUES (24, '559', ' Jorge Americo ', ' Quinteros ', 'dni', 8409799, 'NULL', '424089', 'onas nº 531', 2.0, '5597980049499479', true, 0);
INSERT INTO socio_servicio (socio_id, servicio_id) VALUES (24, 15.0);
INSERT INTO socio (id, nro, nombre, apellido, tipoDoc, numDoc, correo, telefono, domicilio, entidadcrediticia_id, tarjetaNum, activo, ctacte) VALUES (25, '566', ' Roman Enrique ', ' Chasco ', 'dni', 5484782, 'godolphin@speedy.com.ar', '435047- 1560446', 'de los nires 274', 1.0, '4249670000006869', true, 0);
INSERT INTO socio_servicio (socio_id, servicio_id) VALUES (25, 15.0);
INSERT INTO socio (id, nro, nombre, apellido, tipoDoc, numDoc, correo, telefono, domicilio, entidadcrediticia_id, tarjetaNum, activo, ctacte) VALUES (26, '583', ' Guillermo Gustavo ', ' Bella ', 'dni', 17295575, 'bellalima@ciudad.com.ar', '444867', 'islas del atlantico sur 1993', 1.0, '4697710000117931', true, 0);
INSERT INTO socio_servicio (socio_id, servicio_id) VALUES (26, 15.0);
INSERT INTO socio (id, nro, nombre, apellido, tipoDoc, numDoc, correo, telefono, domicilio, entidadcrediticia_id, tarjetaNum, activo, ctacte) VALUES (27, '667', ' Edgardo ', ' Rodriguez ', 'dni', 14537918, 'edg@icloud.com', '445274/5', 'paseode la plaza 2065', 1.0, '4304970012399159', true, 0);
INSERT INTO socio_servicio (socio_id, servicio_id) VALUES (27, 15.0);
INSERT INTO socio (id, nro, nombre, apellido, tipoDoc, numDoc, correo, telefono, domicilio, entidadcrediticia_id, tarjetaNum, activo, ctacte) VALUES (28, '700', ' Carlos Alberto ', ' Tejo ', 'dni', 8571812, 'cartejo@hotmail.com', '9 (1560-3401)', 'av maipu 839  4to.b', 2.0, '5502308534180632', true, 0);
INSERT INTO socio_servicio (socio_id, servicio_id) VALUES (28, 15.0);
INSERT INTO socio (id, nro, nombre, apellido, tipoDoc, numDoc, correo, telefono, domicilio, entidadcrediticia_id, tarjetaNum, activo, ctacte) VALUES (29, '708', ' Julio ', ' Canga ', 'dni', 4228358, 'NULL', '421212', 'gobernador godoy nº 202/204', NULL, 'NULL', true, 0);
INSERT INTO socio_servicio (socio_id, servicio_id) VALUES (29, 15.0);
INSERT INTO socio (id, nro, nombre, apellido, tipoDoc, numDoc, correo, telefono, domicilio, entidadcrediticia_id, tarjetaNum, activo, ctacte) VALUES (30, '710', ' Cesar Hayder ', ' Williams ', 'dni', 25072815, 'NULL', '15606374', 'fortunato beban nº 564', 2.0, '5536490080317907', true, 0);
INSERT INTO socio_servicio (socio_id, servicio_id) VALUES (30, 15.0);
INSERT INTO socio (id, nro, nombre, apellido, tipoDoc, numDoc, correo, telefono, domicilio, entidadcrediticia_id, tarjetaNum, activo, ctacte) VALUES (31, '715', ' Gerardo Miguel ', ' Juarez ', 'dni', 17509280, 'gerabebe@hotmail.com', '435535/15604243', 'alem nº 4398', 2.0, '5360873993493553', true, 0);
INSERT INTO socio_servicio (socio_id, servicio_id) VALUES (31, 15.0);
INSERT INTO socio (id, nro, nombre, apellido, tipoDoc, numDoc, correo, telefono, domicilio, entidadcrediticia_id, tarjetaNum, activo, ctacte) VALUES (32, '718', ' Francisco Tomas ', ' Lerario ', 'dni', 13346432, 'pancholerario@hotmail.com', '15581870-444074', 'isla de los estados 4018', 1.0, '4249650000070164', true, 0);
INSERT INTO socio_servicio (socio_id, servicio_id) VALUES (32, 15.0);
INSERT INTO socio (id, nro, nombre, apellido, tipoDoc, numDoc, correo, telefono, domicilio, entidadcrediticia_id, tarjetaNum, activo, ctacte) VALUES (33, '719', ' Eduardo Mario ', ' Cabeza ', 'dni', 14923178, 'NULL', '1551-6287', 'juan manuel de rosas 327 pb.', 1.0, '4508430013421746', true, 0);
INSERT INTO socio_servicio (socio_id, servicio_id) VALUES (33, 15.0);
INSERT INTO socio (id, nro, nombre, apellido, tipoDoc, numDoc, correo, telefono, domicilio, entidadcrediticia_id, tarjetaNum, activo, ctacte) VALUES (34, '727', ' Ricardo Hugo ', ' Chiarvetto ', 'dni', 13172216, 'estudiochiarvetto@gmail.com', '443769-15605782', 'de la loma nº 955', 2.0, '5505680062430614', true, 0);
INSERT INTO socio_servicio (socio_id, servicio_id) VALUES (34, 15.0);
INSERT INTO socio (id, nro, nombre, apellido, tipoDoc, numDoc, correo, telefono, domicilio, entidadcrediticia_id, tarjetaNum, activo, ctacte) VALUES (35, '730', ' Guillermo Raul ', ' Echague ', 'dni', 13377781, 'NULL', '15609330', 'm. sanchez caballero nº 2030', 1.0, '4338300000826056', true, 0);
INSERT INTO socio_servicio (socio_id, servicio_id) VALUES (35, 15.0);
INSERT INTO socio (id, nro, nombre, apellido, tipoDoc, numDoc, correo, telefono, domicilio, entidadcrediticia_id, tarjetaNum, activo, ctacte) VALUES (36, '734', ' Ruben Alberto ', ' Prado ', 'dni', 5879793, 'pracar@arnet.com.ar', '422829-01115617', 'ddeloqui 1559 dpto. 19 ushuaia', 1.0, '4704550000415377', true, 0);
INSERT INTO socio_servicio (socio_id, servicio_id) VALUES (36, 15.0);
INSERT INTO socio (id, nro, nombre, apellido, tipoDoc, numDoc, correo, telefono, domicilio, entidadcrediticia_id, tarjetaNum, activo, ctacte) VALUES (37, '735', ' Carlos Daniel ', ' Medei ', 'dni', 13070620, 'NULL', '15474517-443135', 'kuanip nº 1836', 2.0, '5536490044800055', true, 0);
INSERT INTO socio_servicio (socio_id, servicio_id) VALUES (37, 15.0);
INSERT INTO socio (id, nro, nombre, apellido, tipoDoc, numDoc, correo, telefono, domicilio, entidadcrediticia_id, tarjetaNum, activo, ctacte) VALUES (38, '738', ' Eduardo Gabriel ', ' Prieto ', 'dni', 17478895, 'NULL', '15615006-433281', 'puerto remolino 401 bo el mirador', 2.0, '5536380093225280', true, 0);
INSERT INTO socio_servicio (socio_id, servicio_id) VALUES (38, 15.0);
INSERT INTO socio (id, nro, nombre, apellido, tipoDoc, numDoc, correo, telefono, domicilio, entidadcrediticia_id, tarjetaNum, activo, ctacte) VALUES (39, '745', ' Juan Carlos ', ' Molinolo ', 'dni', 10342954, 'NULL', '423331/29014711', 'onas 416', 1.0, '4920438000142936', true, 0);
INSERT INTO socio_servicio (socio_id, servicio_id) VALUES (39, 15.0);
INSERT INTO socio (id, nro, nombre, apellido, tipoDoc, numDoc, correo, telefono, domicilio, entidadcrediticia_id, tarjetaNum, activo, ctacte) VALUES (40, '762', ' Humberto Oscar ', ' Peralta ', 'dni', 13013167, 'NULL', '424179-lab. 423', 'tolhuin sur nº 75', NULL, 'NULL', true, 0);
INSERT INTO socio_servicio (socio_id, servicio_id) VALUES (40, 15.0);
INSERT INTO socio (id, nro, nombre, apellido, tipoDoc, numDoc, correo, telefono, domicilio, entidadcrediticia_id, tarjetaNum, activo, ctacte) VALUES (41, '769', ' Christian Horacio ', ' Vergara ', 'dni', 18154324, 'NULL', '15404753', 'margaritas 430', 2.0, '5276013682170252', true, 0);
INSERT INTO socio_servicio (socio_id, servicio_id) VALUES (41, 15.0);
INSERT INTO socio (id, nro, nombre, apellido, tipoDoc, numDoc, correo, telefono, domicilio, entidadcrediticia_id, tarjetaNum, activo, ctacte) VALUES (42, '772', ' Norberto Omar ', ' Garcia ', 'dni', 13758000, 'nor_ga2009@hotmail.com', '433845/15507837', 'juan manuel de rosas nº 157', 2.0, '5570810055877063', true, 0);
INSERT INTO socio_servicio (socio_id, servicio_id) VALUES (42, 15.0);
INSERT INTO socio (id, nro, nombre, apellido, tipoDoc, numDoc, correo, telefono, domicilio, entidadcrediticia_id, tarjetaNum, activo, ctacte) VALUES (43, '776', ' Adrian ', ' Varela ', 'dni', 24518675, 'susitov@hotmail.com', '15610134-154673', 'ameghino nº 507', 1.0, '4697240000618472', true, 0);
INSERT INTO socio_servicio (socio_id, servicio_id) VALUES (43, 15.0);
INSERT INTO socio (id, nro, nombre, apellido, tipoDoc, numDoc, correo, telefono, domicilio, entidadcrediticia_id, tarjetaNum, activo, ctacte) VALUES (44, '777', ' Mario Daniel ', ' Veiga ', 'dni', 10750265, 'marioveiga767@yahoo.com', '443321- 1541082', 'kuanip nº 879', 2.0, '5570812442214075', true, 0);
INSERT INTO socio_servicio (socio_id, servicio_id) VALUES (44, 15.0);
INSERT INTO socio (id, nro, nombre, apellido, tipoDoc, numDoc, correo, telefono, domicilio, entidadcrediticia_id, tarjetaNum, activo, ctacte) VALUES (45, '783', ' Vicente Eduardo ', ' Fernandez ', 'dni', 4853643, 'fernandez04_ush@yahoo.com.ar', '0-15617174', 'juana fadul 120 4b ushuaia', 2.0, '5276010007288744', true, 0);
INSERT INTO socio_servicio (socio_id, servicio_id) VALUES (45, 15.0);
INSERT INTO socio (id, nro, nombre, apellido, tipoDoc, numDoc, correo, telefono, domicilio, entidadcrediticia_id, tarjetaNum, activo, ctacte) VALUES (46, '784', ' Senen ', ' Ferreiro ', 'dni', 7815455, 'NULL', '421946-011-1544', 'kuanip 148', NULL, 'NULL', true, 0);
INSERT INTO socio_servicio (socio_id, servicio_id) VALUES (46, 15.0);
INSERT INTO socio (id, nro, nombre, apellido, tipoDoc, numDoc, correo, telefono, domicilio, entidadcrediticia_id, tarjetaNum, activo, ctacte) VALUES (47, '787', ' Marcelo Osvaldo ', ' Cremades ', 'dni', 14818543, 'NULL', '436881-lab.1551', 'intendente olmo 640', 1.0, '4338300003395430', true, 0);
INSERT INTO socio_servicio (socio_id, servicio_id) VALUES (47, 15.0);
INSERT INTO socio (id, nro, nombre, apellido, tipoDoc, numDoc, correo, telefono, domicilio, entidadcrediticia_id, tarjetaNum, activo, ctacte) VALUES (48, '792', ' David Eduardo ', ' Razza ', 'dni', 16790051, 'davidrazza@gmail.com', '15617985', 'las margaritas 429', 1.0, '4654030000424489', true, 0);
INSERT INTO socio_servicio (socio_id, servicio_id) VALUES (48, 15.0);
INSERT INTO socio (id, nro, nombre, apellido, tipoDoc, numDoc, correo, telefono, domicilio, entidadcrediticia_id, tarjetaNum, activo, ctacte) VALUES (49, '796', ' Federico Leon ', ' Molinolo ', 'dni', 26974885, 'NULL', '422470-15466318', 'beauvour 1562', 1.0, '4546400023109585', true, 0);
INSERT INTO socio_servicio (socio_id, servicio_id) VALUES (49, 15.0);
INSERT INTO socio (id, nro, nombre, apellido, tipoDoc, numDoc, correo, telefono, domicilio, entidadcrediticia_id, tarjetaNum, activo, ctacte) VALUES (50, '797', ' Sergio Manuel ', ' Bertero ', 'dni', 18312890, 'smbertero@hotmail.com', '15511170/435415', 'hakuerum 1060', 2.0, '5536499388051647', true, 0);
INSERT INTO socio_servicio (socio_id, servicio_id) VALUES (50, 15.0);
INSERT INTO socio (id, nro, nombre, apellido, tipoDoc, numDoc, correo, telefono, domicilio, entidadcrediticia_id, tarjetaNum, activo, ctacte) VALUES (51, '804', ' Roberto ', ' Guri ', 'dni', 17929228, 'NULL', '15603888', 'san martin 1520 1piso', 1.0, '4555990012219849', true, 0);
INSERT INTO socio_servicio (socio_id, servicio_id) VALUES (51, 15.0);
INSERT INTO socio (id, nro, nombre, apellido, tipoDoc, numDoc, correo, telefono, domicilio, entidadcrediticia_id, tarjetaNum, activo, ctacte) VALUES (52, '815', ' Guillermo Federico ', ' Schreiner ', 'dni', 18371128, 'NULL', '15496757-433997', 'hol-hol 2019', 1.0, '4304970016312356', true, 0);
INSERT INTO socio_servicio (socio_id, servicio_id) VALUES (52, 15.0);
INSERT INTO socio (id, nro, nombre, apellido, tipoDoc, numDoc, correo, telefono, domicilio, entidadcrediticia_id, tarjetaNum, activo, ctacte) VALUES (53, '819', ' Augusto ', ' Pacheco ', 'dni', 13013182, 'NULL', '435108-lab. 423', 'belgrano 346', 3.0, '1-02247-0/5', true, 0);
INSERT INTO socio_servicio (socio_id, servicio_id) VALUES (53, 15.0);
INSERT INTO socio (id, nro, nombre, apellido, tipoDoc, numDoc, correo, telefono, domicilio, entidadcrediticia_id, tarjetaNum, activo, ctacte) VALUES (54, '822', ' Olga Miriam ', ' Imbert ', 'dni', 17060681, 'NULL', '444650-15607361', 'bº san salvador casa 116', 1.0, '4704550000274006', true, 0);
INSERT INTO socio_servicio (socio_id, servicio_id) VALUES (54, 15.0);
INSERT INTO socio (id, nro, nombre, apellido, tipoDoc, numDoc, correo, telefono, domicilio, entidadcrediticia_id, tarjetaNum, activo, ctacte) VALUES (55, '823', ' Alejandro Agustin ', ' Barrozo Marte ', 'dni', 25075878, 'cdorbarrozo@gmail.com', '433299-15560850', 'belakamain 435', 2.0, '5536496217517442', true, 0);
INSERT INTO socio_servicio (socio_id, servicio_id) VALUES (55, 15.0);
INSERT INTO socio (id, nro, nombre, apellido, tipoDoc, numDoc, correo, telefono, domicilio, entidadcrediticia_id, tarjetaNum, activo, ctacte) VALUES (56, '824', ' Julio Pedro ', ' Aramburu ', 'dni', 13423928, 'augustomilena@hotmail.com', '444170/15608025', 'alem 4495', 1.0, '4239850001554503', true, 0);
INSERT INTO socio_servicio (socio_id, servicio_id) VALUES (56, 15.0);
INSERT INTO socio (id, nro, nombre, apellido, tipoDoc, numDoc, correo, telefono, domicilio, entidadcrediticia_id, tarjetaNum, activo, ctacte) VALUES (57, '829', ' Gerardo Eduardo ', ' Chichoni ', 'dni', 16345740, 'NULL', '443887-15466811', 'kuanip 2497', 1.0, '4050710115298387', true, 0);
INSERT INTO socio_servicio (socio_id, servicio_id) VALUES (57, 15.0);
INSERT INTO socio (id, nro, nombre, apellido, tipoDoc, numDoc, correo, telefono, domicilio, entidadcrediticia_id, tarjetaNum, activo, ctacte) VALUES (58, '831', ' Roberto ', ' Orellana ', 'dni', 10972136, 'NULL', '422069', 'gdor. paz 956', NULL, 'NULL', true, 0);
INSERT INTO socio_servicio (socio_id, servicio_id) VALUES (58, 15.0);
INSERT INTO socio (id, nro, nombre, apellido, tipoDoc, numDoc, correo, telefono, domicilio, entidadcrediticia_id, tarjetaNum, activo, ctacte) VALUES (59, '833', ' Marcelo Guillermo ', ' Bellinvia ', 'dni', 17143215, 'brufa@hotmail.com', '15466550', 'p. lawrense 864', 1.0, '4304970000036185', true, 0);
INSERT INTO socio_servicio (socio_id, servicio_id) VALUES (59, 15.0);
INSERT INTO socio (id, nro, nombre, apellido, tipoDoc, numDoc, correo, telefono, domicilio, entidadcrediticia_id, tarjetaNum, activo, ctacte) VALUES (60, '835', ' Alberto Fernando ', ' Dellazuana ', 'dni', 16328155, 'NULL', '443873 15607362', 'kuanip 2387', 1.0, '4258210000034526', true, 0);
INSERT INTO socio_servicio (socio_id, servicio_id) VALUES (60, 15.0);
INSERT INTO socio (id, nro, nombre, apellido, tipoDoc, numDoc, correo, telefono, domicilio, entidadcrediticia_id, tarjetaNum, activo, ctacte) VALUES (61, '842', ' Carlos Daniel ', ' Leonardi ', 'dni', 11618184, 'calyleonardi@hotmail.com', '423054 15466801', 'pto almanza 3982', 1.0, '4793760000706855', true, 0);
INSERT INTO socio_servicio (socio_id, servicio_id) VALUES (61, 15.0);
INSERT INTO socio (id, nro, nombre, apellido, tipoDoc, numDoc, correo, telefono, domicilio, entidadcrediticia_id, tarjetaNum, activo, ctacte) VALUES (62, '843', ' Osvaldo Gabriel ', ' Molinolo ', 'dni', 13254132, 'NULL', '443001 15606519', 'isla del atlantico sur 2198', NULL, 'NULL', true, 0);
INSERT INTO socio_servicio (socio_id, servicio_id) VALUES (62, 15.0);
INSERT INTO socio (id, nro, nombre, apellido, tipoDoc, numDoc, correo, telefono, domicilio, entidadcrediticia_id, tarjetaNum, activo, ctacte) VALUES (63, '851', ' Juan Carlos ', ' Godoy ', 'dni', 12701925, 'NULL', '423059', 'belgrano 366', 2.0, '5505680074407113', true, 0);
INSERT INTO socio_servicio (socio_id, servicio_id) VALUES (63, 15.0);
INSERT INTO socio (id, nro, nombre, apellido, tipoDoc, numDoc, correo, telefono, domicilio, entidadcrediticia_id, tarjetaNum, activo, ctacte) VALUES (64, '857', ' Nestor Jose ', ' Pastoriza ', 'dni', 4628785, 'nestor.pastorizavn@speedy.com.ar', '432284 15601472', 'le martial 792', 2.0, '5502302449876475', true, 0);
INSERT INTO socio_servicio (socio_id, servicio_id) VALUES (64, 15.0);
INSERT INTO socio (id, nro, nombre, apellido, tipoDoc, numDoc, correo, telefono, domicilio, entidadcrediticia_id, tarjetaNum, activo, ctacte) VALUES (65, '860', ' Isidoro Jose Mario ', ' Aramburu ', 'dni', 13138791, 'isinorma@hotmail.com', '15468352', 'intevu xv c/203', 2.0, '5276010086950560', true, 0);
INSERT INTO socio_servicio (socio_id, servicio_id) VALUES (65, 15.0);
INSERT INTO socio (id, nro, nombre, apellido, tipoDoc, numDoc, correo, telefono, domicilio, entidadcrediticia_id, tarjetaNum, activo, ctacte) VALUES (66, '863', ' Ever Roberto ', ' Poletti ', 'dni', 13929984, 'ever.poletti@gmail.com', '434502 /1556170', 'l. n. alem 2363. ushuaia', 2.0, '5536380050369303', true, 0);
INSERT INTO socio_servicio (socio_id, servicio_id) VALUES (66, 15.0);
INSERT INTO socio (id, nro, nombre, apellido, tipoDoc, numDoc, correo, telefono, domicilio, entidadcrediticia_id, tarjetaNum, activo, ctacte) VALUES (67, '866', ' Edgardo Daniel ', ' Rodriguez ', 'dni', 14774217, 'NULL', '423183/15481154', 'gdor paz 1033 c/17', 2.0, '5360872648948763', true, 0);
INSERT INTO socio_servicio (socio_id, servicio_id) VALUES (67, 15.0);
INSERT INTO socio (id, nro, nombre, apellido, tipoDoc, numDoc, correo, telefono, domicilio, entidadcrediticia_id, tarjetaNum, activo, ctacte) VALUES (68, '873', ' Claudio Francisco ', ' De la Torre ', 'dni', 23063401, 'claudio.delatorre@gmail.com', '15609977', 'ponton r. negro 690 pb b', 2.0, '5502304616235147', true, 0);
INSERT INTO socio_servicio (socio_id, servicio_id) VALUES (68, 15.0);
INSERT INTO socio (id, nro, nombre, apellido, tipoDoc, numDoc, correo, telefono, domicilio, entidadcrediticia_id, tarjetaNum, activo, ctacte) VALUES (69, '875', ' Walter Anibal ', ' Sosa ', 'dni', 18249281, 'liderunico@hotmail.com', '422654 - 155663', 'bahia relegada 4026', 1.0, '4793750004087816', true, 0);
INSERT INTO socio_servicio (socio_id, servicio_id) VALUES (69, 15.0);
INSERT INTO socio (id, nro, nombre, apellido, tipoDoc, numDoc, correo, telefono, domicilio, entidadcrediticia_id, tarjetaNum, activo, ctacte) VALUES (70, '878', ' Ines Liliana ', ' Martinez ', 'dni', 6152929, 'lilym}imartinez@hotmail.com', '425147/15604031', 'ruiz galan 609', 2.0, '5239168102514293', true, 0);
INSERT INTO socio_servicio (socio_id, servicio_id) VALUES (70, 15.0);
INSERT INTO socio (id, nro, nombre, apellido, tipoDoc, numDoc, correo, telefono, domicilio, entidadcrediticia_id, tarjetaNum, activo, ctacte) VALUES (71, '880', ' Sebastian Federico ', ' Menci ', 'dni', 24670552, 'mencisebastian@hotmail.com', '430607-15603796', 'goleta florencia 1682', 1.0, '4258220000242383', true, 0);
INSERT INTO socio_servicio (socio_id, servicio_id) VALUES (71, 15.0);
INSERT INTO socio (id, nro, nombre, apellido, tipoDoc, numDoc, correo, telefono, domicilio, entidadcrediticia_id, tarjetaNum, activo, ctacte) VALUES (72, '894', ' Jorge Marcelo ', ' Lallana ', 'dni', 17110118, 'marcelolallana@gmail.com', '443040/15616670', 'fco. torres 1775', 1.0, '4304970011011516', true, 0);
INSERT INTO socio_servicio (socio_id, servicio_id) VALUES (72, 15.0);
INSERT INTO socio (id, nro, nombre, apellido, tipoDoc, numDoc, correo, telefono, domicilio, entidadcrediticia_id, tarjetaNum, activo, ctacte) VALUES (73, '897', ' Miguel Angel ', ' Rosado ', 'dni', 16121418, 'patagon54@hotmail.com', '15513474 lab-43', 'laguna de los tempanos 1209b', 1.0, '4338310003783675', true, 0);
INSERT INTO socio_servicio (socio_id, servicio_id) VALUES (73, 15.0);
INSERT INTO socio (id, nro, nombre, apellido, tipoDoc, numDoc, correo, telefono, domicilio, entidadcrediticia_id, tarjetaNum, activo, ctacte) VALUES (74, '898', ' Jorge Edgardo ', ' Mir ', 'dni', 4979820, 'jorgemir@ingenieriapesquera.com.ar', '430200/15614041', 'pje los caquenes 1016 ushuaia', NULL, 'NULL', true, 0);
INSERT INTO socio_servicio (socio_id, servicio_id) VALUES (74, 15.0);
INSERT INTO socio (id, nro, nombre, apellido, tipoDoc, numDoc, correo, telefono, domicilio, entidadcrediticia_id, tarjetaNum, activo, ctacte) VALUES (75, '904', ' Leonardo ', ' Tilli ', 'dni', 27113625, 'leotilli@hotmail.com', '15518900', 'san juan 229 barrio alacalufe', 2.0, '5536495111710673', true, 0);
INSERT INTO socio_servicio (socio_id, servicio_id) VALUES (75, 15.0);
INSERT INTO socio (id, nro, nombre, apellido, tipoDoc, numDoc, correo, telefono, domicilio, entidadcrediticia_id, tarjetaNum, activo, ctacte) VALUES (76, '906', ' Ricardo Maximiliano ', ' Lopez ', 'dni', 22052733, 'NULL', '444440-15565140', 'juan buezas 585 casa 26', 1.0, '4338310003240452', true, 0);
INSERT INTO socio_servicio (socio_id, servicio_id) VALUES (76, 15.0);
INSERT INTO socio (id, nro, nombre, apellido, tipoDoc, numDoc, correo, telefono, domicilio, entidadcrediticia_id, tarjetaNum, activo, ctacte) VALUES (77, '907', ' Enrique Manuel ', ' Garcia ', 'dni', 12635601, 'kikegar22@hotmail.com', '444371-15510255', '300 viv t 13a dto 5', 1.0, '4555990016079454', true, 0);
INSERT INTO socio_servicio (socio_id, servicio_id) VALUES (77, 15.0);
INSERT INTO socio (id, nro, nombre, apellido, tipoDoc, numDoc, correo, telefono, domicilio, entidadcrediticia_id, tarjetaNum, activo, ctacte) VALUES (78, '910', ' Fernando Jorge ', ' Castagnet ', 'dni', 20044956, 'NULL', '430406-15605988', '245 tira 14 dt. 14', 1.0, '4509100007922400', true, 0);
INSERT INTO socio_servicio (socio_id, servicio_id) VALUES (78, 15.0);
INSERT INTO socio (id, nro, nombre, apellido, tipoDoc, numDoc, correo, telefono, domicilio, entidadcrediticia_id, tarjetaNum, activo, ctacte) VALUES (79, '912', ' Roberto Bernardo ', ' Locker ', 'dni', 11959282, 'NULL', '15604521', 'kuanip 1874', 2.0, '5505688013793618', true, 0);
INSERT INTO socio_servicio (socio_id, servicio_id) VALUES (79, 15.0);
INSERT INTO socio (id, nro, nombre, apellido, tipoDoc, numDoc, correo, telefono, domicilio, entidadcrediticia_id, tarjetaNum, activo, ctacte) VALUES (80, '914', ' Walter Alberto ', ' Torres ', 'dni', 8597173, 'NULL', '444327-15519526', 'p. lawrense 843', NULL, 'NULL', true, 0);
INSERT INTO socio_servicio (socio_id, servicio_id) VALUES (80, 15.0);
INSERT INTO socio (id, nro, nombre, apellido, tipoDoc, numDoc, correo, telefono, domicilio, entidadcrediticia_id, tarjetaNum, activo, ctacte) VALUES (81, '918', ' Alberto Feliciano ', ' Monzon ', 'dni', 12111892, 'monzonal56@gmail.com', '432481', '245 viv t15b dto 2 1º piso', 1.0, '4508430004252852', true, 0);
INSERT INTO socio_servicio (socio_id, servicio_id) VALUES (81, 15.0);
INSERT INTO socio (id, nro, nombre, apellido, tipoDoc, numDoc, correo, telefono, domicilio, entidadcrediticia_id, tarjetaNum, activo, ctacte) VALUES (82, '924', ' Marcelo Gustavo ', ' Rodriguez ', 'dni', 17400332, 'mrodrigu29@gmail.com', '15602888', 'los salecianos 3408', 1.0, '4697710000932495', true, 0);
INSERT INTO socio_servicio (socio_id, servicio_id) VALUES (82, 15.0);
INSERT INTO socio (id, nro, nombre, apellido, tipoDoc, numDoc, correo, telefono, domicilio, entidadcrediticia_id, tarjetaNum, activo, ctacte) VALUES (83, '927', ' Alejandro German ', ' Gatica ', 'dni', 24261181, 'alejandrogatica77@hotmail.com', '2901.15448036', 'intevu 14 casa 49', 1.0, '4697718000025145', true, 0);
INSERT INTO socio_servicio (socio_id, servicio_id) VALUES (83, 15.0);
INSERT INTO socio (id, nro, nombre, apellido, tipoDoc, numDoc, correo, telefono, domicilio, entidadcrediticia_id, tarjetaNum, activo, ctacte) VALUES (84, '928', ' Daniel Mario ', ' Tenutta ', 'dni', 13395654, 'sigmaconstrucciones@yahoo.com.ar', '15467597', 'bahia san julian 1439  ushuaia', 1.0, '4249670000052871', true, 0);
INSERT INTO socio_servicio (socio_id, servicio_id) VALUES (84, 15.0);
INSERT INTO socio (id, nro, nombre, apellido, tipoDoc, numDoc, correo, telefono, domicilio, entidadcrediticia_id, tarjetaNum, activo, ctacte) VALUES (85, '934', ' Eduardo German ', ' Damonte ', 'dni', 14541607, 'NULL', '424608-15604087', 'austral 2225', 2.0, '5247020031008592', true, 0);
INSERT INTO socio_servicio (socio_id, servicio_id) VALUES (85, 15.0);
INSERT INTO socio (id, nro, nombre, apellido, tipoDoc, numDoc, correo, telefono, domicilio, entidadcrediticia_id, tarjetaNum, activo, ctacte) VALUES (86, '949', ' Edgardo ', ' Welsch de Bairos ', 'dni', 16553586, 'edgardo.welsch@gmail.com', '0296443076 -154', 'o`higgins 790 rio grande', 1.0, '4029183036362005', true, 0);
INSERT INTO socio_servicio (socio_id, servicio_id) VALUES (86, 15.0);
INSERT INTO socio (id, nro, nombre, apellido, tipoDoc, numDoc, correo, telefono, domicilio, entidadcrediticia_id, tarjetaNum, activo, ctacte) VALUES (87, '951', ' Hector Jorge ', ' Tavano ', 'dni', 8318718, 'NULL', '15615928 /42412', 'bouchard 753', 1.0, '4508320005249728', true, 0);
INSERT INTO socio_servicio (socio_id, servicio_id) VALUES (87, 15.0);
INSERT INTO socio (id, nro, nombre, apellido, tipoDoc, numDoc, correo, telefono, domicilio, entidadcrediticia_id, tarjetaNum, activo, ctacte) VALUES (88, '953', ' Carlos Damian ', ' Muriel ', 'dni', 25102353, 'NULL', '423051-15603200', 'lasserre 933', 1.0, '4555990010190232', true, 0);
INSERT INTO socio_servicio (socio_id, servicio_id) VALUES (88, 15.0);
INSERT INTO socio (id, nro, nombre, apellido, tipoDoc, numDoc, correo, telefono, domicilio, entidadcrediticia_id, tarjetaNum, activo, ctacte) VALUES (89, '956', ' Ramon B ', ' Gomez ', 'dni', 14165739, 'NULL', '15469526', 'onas 531 tira 4 casa 25 60 v.', 1.0, '4249660000212179', true, 0);
INSERT INTO socio_servicio (socio_id, servicio_id) VALUES (89, 15.0);
INSERT INTO socio (id, nro, nombre, apellido, tipoDoc, numDoc, correo, telefono, domicilio, entidadcrediticia_id, tarjetaNum, activo, ctacte) VALUES (90, '959', ' Hugo Ricardo ', ' Perez ', 'dni', 10827895, 'huripe53@gmail.com', '15525655- 43082', 'rio moa 1165', 2.0, '5360877152293613', true, 0);
INSERT INTO socio_servicio (socio_id, servicio_id) VALUES (90, 15.0);
INSERT INTO socio (id, nro, nombre, apellido, tipoDoc, numDoc, correo, telefono, domicilio, entidadcrediticia_id, tarjetaNum, activo, ctacte) VALUES (91, '960', ' Claudio ', ' Bugallo ', 'dni', 14872153, 'NULL', '1560679 -443912', 'kuanip 2406', 2.0, '5597980023504906', true, 0);
INSERT INTO socio_servicio (socio_id, servicio_id) VALUES (91, 15.0);
INSERT INTO socio (id, nro, nombre, apellido, tipoDoc, numDoc, correo, telefono, domicilio, entidadcrediticia_id, tarjetaNum, activo, ctacte) VALUES (92, '966', ' Eric ', ' Manrique ', 'dni', 18763949, 'ermanriquet@gmail.com', '15600269 - 4436', 'formosa 650', 1.0, '4697250000132754', true, 0);
INSERT INTO socio_servicio (socio_id, servicio_id) VALUES (92, 15.0);
INSERT INTO socio (id, nro, nombre, apellido, tipoDoc, numDoc, correo, telefono, domicilio, entidadcrediticia_id, tarjetaNum, activo, ctacte) VALUES (93, '968', ' Mario ', ' Casabona ', 'dni', 7851626, 'NULL', '15613240', 'bernardo howusay 200 cadic', 2.0, '5117401343552492', true, 0);
INSERT INTO socio_servicio (socio_id, servicio_id) VALUES (93, 15.0);
INSERT INTO socio (id, nro, nombre, apellido, tipoDoc, numDoc, correo, telefono, domicilio, entidadcrediticia_id, tarjetaNum, activo, ctacte) VALUES (94, '971', ' Eduardo ', ' Liska ', 'dni', 18134581, 'eduardol@arnet.com.ar', '15605256', 'del norte 1235 b el remanso', 1.0, '4338310003266614', true, 0);
INSERT INTO socio_servicio (socio_id, servicio_id) VALUES (94, 15.0);
INSERT INTO socio (id, nro, nombre, apellido, tipoDoc, numDoc, correo, telefono, domicilio, entidadcrediticia_id, tarjetaNum, activo, ctacte) VALUES (95, '972', ' Maximiliano ', ' Meazza ', 'dni', 22846496, 'NULL', '432344 15411775', '60 viviendas  tira 3 casa 18', 2.0, '5165850075965317', true, 0);
INSERT INTO socio_servicio (socio_id, servicio_id) VALUES (95, 15.0);
INSERT INTO socio (id, nro, nombre, apellido, tipoDoc, numDoc, correo, telefono, domicilio, entidadcrediticia_id, tarjetaNum, activo, ctacte) VALUES (96, '973', ' Roberto ', ' Direne ', 'dni', 13302463, 'NULL', '15472945', 'lucinda otero 3430', 1.0, '4249660000239958', true, 0);
INSERT INTO socio_servicio (socio_id, servicio_id) VALUES (96, 15.0);
INSERT INTO socio (id, nro, nombre, apellido, tipoDoc, numDoc, correo, telefono, domicilio, entidadcrediticia_id, tarjetaNum, activo, ctacte) VALUES (97, '976', ' Oscar Arturo ', ' Ledesma ', 'dni', 16268867, 'NULL', '432188-15616049', 'le martial 726', 1.0, '4697718000167723', true, 0);
INSERT INTO socio_servicio (socio_id, servicio_id) VALUES (97, 15.0);
INSERT INTO socio (id, nro, nombre, apellido, tipoDoc, numDoc, correo, telefono, domicilio, entidadcrediticia_id, tarjetaNum, activo, ctacte) VALUES (98, '978', ' Alejandro Javier ', ' Soto ', 'dni', 22047544, 'NULL', '15549088', 'del michay 648', 1.0, '4704558000732394', true, 0);
INSERT INTO socio_servicio (socio_id, servicio_id) VALUES (98, 15.0);
INSERT INTO socio (id, nro, nombre, apellido, tipoDoc, numDoc, correo, telefono, domicilio, entidadcrediticia_id, tarjetaNum, activo, ctacte) VALUES (99, '979', ' Alejandro ', ' Bauducco ', 'dni', 24696589, 'abauducco@yahoo.com.ar', '431534/15611938', 'naufragos del sarmiento 689', 1.0, '4249650000000906', true, 0);
INSERT INTO socio_servicio (socio_id, servicio_id) VALUES (99, 15.0);
INSERT INTO socio (id, nro, nombre, apellido, tipoDoc, numDoc, correo, telefono, domicilio, entidadcrediticia_id, tarjetaNum, activo, ctacte) VALUES (100, '980', ' Ruben Leonardo ', ' Vidal ', 'dni', 16879331, 'NULL', '15607212', 'barrio centenario casa 33', 2.0, '5456523754788015', true, 0);
INSERT INTO socio_servicio (socio_id, servicio_id) VALUES (100, 15.0);
INSERT INTO socio (id, nro, nombre, apellido, tipoDoc, numDoc, correo, telefono, domicilio, entidadcrediticia_id, tarjetaNum, activo, ctacte) VALUES (101, '981', ' Guillermo ', ' Loy ', 'dni', 16068665, 'romborepuesto@speedy.com.ar', '15603730-424103', 'fuegia basquet 610', 2.0, '5536380062144256', true, 0);
INSERT INTO socio_servicio (socio_id, servicio_id) VALUES (101, 15.0);
INSERT INTO socio (id, nro, nombre, apellido, tipoDoc, numDoc, correo, telefono, domicilio, entidadcrediticia_id, tarjetaNum, activo, ctacte) VALUES (102, '984', ' Guillermo Eduardo ', ' Torre ', 'dni', 8464946, 'guillermmo050@gmail.com', '444546/15616634', 'pto. espaol 790', 1.0, '4697710003126251', true, 0);
INSERT INTO socio_servicio (socio_id, servicio_id) VALUES (102, 15.0);
INSERT INTO socio (id, nro, nombre, apellido, tipoDoc, numDoc, correo, telefono, domicilio, entidadcrediticia_id, tarjetaNum, activo, ctacte) VALUES (103, '988', ' Manuel ', ' Raimbault ', 'dni', 20822166, 'NULL', '443153/15617116', 'quinquela martin 1840', 1.0, '4249670000005374', true, 0);
INSERT INTO socio_servicio (socio_id, servicio_id) VALUES (103, 15.0);
INSERT INTO socio (id, nro, nombre, apellido, tipoDoc, numDoc, correo, telefono, domicilio, entidadcrediticia_id, tarjetaNum, activo, ctacte) VALUES (104, '989', ' Oscar Osfaldo ', ' Quintero ', 'dni', 20110270, 'NULL', '15458364-436658', '30 viviendas tira 3 pb. a', 3.0, '1-12745-0/9', true, 0);
INSERT INTO socio_servicio (socio_id, servicio_id) VALUES (104, 15.0);
INSERT INTO socio (id, nro, nombre, apellido, tipoDoc, numDoc, correo, telefono, domicilio, entidadcrediticia_id, tarjetaNum, activo, ctacte) VALUES (105, '992', ' Victor Santiago ', ' Messina ', 'dni', 23732206, 'victor@patagoniaadvent.com.ar', '15465841', 'de los lobos 510', 1.0, '4704558000055424', true, 0);
INSERT INTO socio_servicio (socio_id, servicio_id) VALUES (105, 15.0);
INSERT INTO socio (id, nro, nombre, apellido, tipoDoc, numDoc, correo, telefono, domicilio, entidadcrediticia_id, tarjetaNum, activo, ctacte) VALUES (106, '997', ' Edita ', ' Alvarado Sanchez ', 'dni', 13013090, 'alvarados04@hotmail.com', '423933 15447441', 'antonio romero 528', 1.0, '4249660000002216', true, 0);
INSERT INTO socio_servicio (socio_id, servicio_id) VALUES (106, 15.0);
INSERT INTO socio (id, nro, nombre, apellido, tipoDoc, numDoc, correo, telefono, domicilio, entidadcrediticia_id, tarjetaNum, activo, ctacte) VALUES (107, '998', ' Luis Exequiel ', ' Rovira ', 'dni', 28468117, 'NULL', '425298 15413567', 'gdor. deloqui 132', 1.0, '4593540003488244', true, 0);
INSERT INTO socio_servicio (socio_id, servicio_id) VALUES (107, 15.0);
INSERT INTO socio (id, nro, nombre, apellido, tipoDoc, numDoc, correo, telefono, domicilio, entidadcrediticia_id, tarjetaNum, activo, ctacte) VALUES (108, '1001', ' Pedro Gustavo ', ' Getar ', 'dni', 16460100, 'pedrogetar@speedy.com.ar', '15464050- 43441', 'salta 2218', 1.0, '4540730005834107', true, 0);
INSERT INTO socio_servicio (socio_id, servicio_id) VALUES (108, 15.0);
INSERT INTO socio (id, nro, nombre, apellido, tipoDoc, numDoc, correo, telefono, domicilio, entidadcrediticia_id, tarjetaNum, activo, ctacte) VALUES (109, '1002', ' Martin Rosendo ', ' Jhansson ', 'dni', 20476477, 'martinchoj@hotmail.com                           4', '15617267', 'raul muriel 1432', 1.0, '4304960004159893', true, 0);
INSERT INTO socio_servicio (socio_id, servicio_id) VALUES (109, 15.0);
INSERT INTO socio (id, nro, nombre, apellido, tipoDoc, numDoc, correo, telefono, domicilio, entidadcrediticia_id, tarjetaNum, activo, ctacte) VALUES (110, '1003', ' Ariel Jose ', ' Gallardo ', 'dni', 18419857, 'NULL', '15567496', 'barrio guarda costa casa 11', 1.0, '4540738001519341', true, 0);
INSERT INTO socio_servicio (socio_id, servicio_id) VALUES (110, 15.0);
INSERT INTO socio (id, nro, nombre, apellido, tipoDoc, numDoc, correo, telefono, domicilio, entidadcrediticia_id, tarjetaNum, activo, ctacte) VALUES (111, '1006', ' Carlos Eduardo ', ' Candino ', 'dni', 8666176, 'NULL', '430427', 'juan rodriguez 548', 1.0, '4508430001392198', true, 0);
INSERT INTO socio_servicio (socio_id, servicio_id) VALUES (111, 15.0);
INSERT INTO socio (id, nro, nombre, apellido, tipoDoc, numDoc, correo, telefono, domicilio, entidadcrediticia_id, tarjetaNum, activo, ctacte) VALUES (112, '1010', ' Ruben Edgardo ', ' Escobedo ', 'dni', 20658890, 'NULL', '15602857', 'alem 4420', 1.0, '4937150000648744', true, 0);
INSERT INTO socio_servicio (socio_id, servicio_id) VALUES (112, 15.0);
INSERT INTO socio (id, nro, nombre, apellido, tipoDoc, numDoc, correo, telefono, domicilio, entidadcrediticia_id, tarjetaNum, activo, ctacte) VALUES (113, '1015', ' German Dario ', ' Mazzoni ', 'dni', 18573411, 'germanmazzoni@live.com.ar', '15616769', 'austral 2281', 2.0, '5165850076038494', true, 0);
INSERT INTO socio_servicio (socio_id, servicio_id) VALUES (113, 15.0);
INSERT INTO socio (id, nro, nombre, apellido, tipoDoc, numDoc, correo, telefono, domicilio, entidadcrediticia_id, tarjetaNum, activo, ctacte) VALUES (114, '1024', ' Daniel Raul ', ' Plomer ', 'dni', 12810284, 'danielplomer@hotmail.com', '15605566-444204', 'san luis 2423', 1.0, '4249670000081011', true, 0);
INSERT INTO socio_servicio (socio_id, servicio_id) VALUES (114, 15.0);
INSERT INTO socio (id, nro, nombre, apellido, tipoDoc, numDoc, correo, telefono, domicilio, entidadcrediticia_id, tarjetaNum, activo, ctacte) VALUES (115, '1027', ' Diego Javier ', ' Garrido ', 'dni', 23634424, 'NULL', '15471901-437233', 'leum 2130', 1.0, '4249650000034616', true, 0);
INSERT INTO socio_servicio (socio_id, servicio_id) VALUES (115, 15.0);
INSERT INTO socio (id, nro, nombre, apellido, tipoDoc, numDoc, correo, telefono, domicilio, entidadcrediticia_id, tarjetaNum, activo, ctacte) VALUES (116, '1029', ' Ivan Mauricio ', ' Bora ', 'dni', 24705316, 'sabor@speedy.com.ar', '15513548/432944', 'gobernador gomez 1155', 1.0, '4704550000249487', true, 0);
INSERT INTO socio_servicio (socio_id, servicio_id) VALUES (116, 15.0);
INSERT INTO socio (id, nro, nombre, apellido, tipoDoc, numDoc, correo, telefono, domicilio, entidadcrediticia_id, tarjetaNum, activo, ctacte) VALUES (117, '1031', ' Carlos Nuñez ', ' Olivera ', 'dni', 7827105, 'NULL', '427166/ 1560637', 'juana fadul 345', 2.0, '5117408830567651', true, 0);
INSERT INTO socio_servicio (socio_id, servicio_id) VALUES (117, 15.0);
INSERT INTO socio (id, nro, nombre, apellido, tipoDoc, numDoc, correo, telefono, domicilio, entidadcrediticia_id, tarjetaNum, activo, ctacte) VALUES (118, '1033', ' Pablo Daniel ', ' Godoy ', 'dni', 20709966, 'jetletreros@hotmail.com', '15484338/435506', 'kayen 353', 1.0, '4540730059947532', true, 0);
INSERT INTO socio_servicio (socio_id, servicio_id) VALUES (118, 15.0);
INSERT INTO socio (id, nro, nombre, apellido, tipoDoc, numDoc, correo, telefono, domicilio, entidadcrediticia_id, tarjetaNum, activo, ctacte) VALUES (119, '1034', ' Marcelo Adrian ', ' Gomez ', 'dni', 27379783, 'marcelo_mdp@hotmail.com', '15526792/436627', 'raul muriel 1321', 1.0, '4258210001227988', true, 0);
INSERT INTO socio_servicio (socio_id, servicio_id) VALUES (119, 15.0);
INSERT INTO socio (id, nro, nombre, apellido, tipoDoc, numDoc, correo, telefono, domicilio, entidadcrediticia_id, tarjetaNum, activo, ctacte) VALUES (120, '1035', ' Hector Dario ', ' Grasso ', 'dni', 14035115, 'grassohd@yahoo.es', '15489037/423195', 'pasaje t beban 1058', 1.0, '4697710000298582', true, 0);
INSERT INTO socio_servicio (socio_id, servicio_id) VALUES (120, 15.0);
INSERT INTO socio (id, nro, nombre, apellido, tipoDoc, numDoc, correo, telefono, domicilio, entidadcrediticia_id, tarjetaNum, activo, ctacte) VALUES (121, '1039', ' Maria Cristina ', ' Fernandez ', 'dni', 12301501, 'cristinamaestro@gmail.com', '15459241/436479', 'los arrieros 338', 1.0, '4540730047299285', true, 0);
INSERT INTO socio_servicio (socio_id, servicio_id) VALUES (121, 15.0);
INSERT INTO socio (id, nro, nombre, apellido, tipoDoc, numDoc, correo, telefono, domicilio, entidadcrediticia_id, tarjetaNum, activo, ctacte) VALUES (122, '1040', ' Fernando Pedro ', ' Rota ', 'dni', 23250995, 'ferrota@gmail.com', '15504572/513655', 'de las bahias 67 b³bh cauquen', 1.0, '4239850000278740', true, 0);
INSERT INTO socio_servicio (socio_id, servicio_id) VALUES (122, 15.0);
INSERT INTO socio (id, nro, nombre, apellido, tipoDoc, numDoc, correo, telefono, domicilio, entidadcrediticia_id, tarjetaNum, activo, ctacte) VALUES (123, '1041', ' Angel Benicio ', ' Ferreyra ', 'dni', 12168685, 'angelbenicio@hotmail.com', '15501729/424347', 'intevu 17 b 1932', 2.0, '5254894449556099', true, 0);
INSERT INTO socio_servicio (socio_id, servicio_id) VALUES (123, 15.0);
INSERT INTO socio (id, nro, nombre, apellido, tipoDoc, numDoc, correo, telefono, domicilio, entidadcrediticia_id, tarjetaNum, activo, ctacte) VALUES (124, '1042', ' Carlos Matias ', ' Dalmazzo ', 'dni', 33648606, 'carlos_ush@hotmail.com', '15566744/432165', 'le martial 825', 1.0, '4920438000255712', true, 0);
INSERT INTO socio_servicio (socio_id, servicio_id) VALUES (124, 15.0);
INSERT INTO socio (id, nro, nombre, apellido, tipoDoc, numDoc, correo, telefono, domicilio, entidadcrediticia_id, tarjetaNum, activo, ctacte) VALUES (125, '1043', ' Gustavo Daniel ', ' Coy ', 'dni', 20454009, 'gustavocoy1@hotmail.com', '15413138/441898', 'los cauquenes 1489 dto 2', 1.0, '4875060000082576', true, 0);
INSERT INTO socio_servicio (socio_id, servicio_id) VALUES (125, 15.0);
INSERT INTO socio (id, nro, nombre, apellido, tipoDoc, numDoc, correo, telefono, domicilio, entidadcrediticia_id, tarjetaNum, activo, ctacte) VALUES (126, '1045', ' Federico German ', ' Lucini ', 'dni', 22539951, 'f_lucini@hotmail.com', '15564062 / 4418', 'tierra de vientos 2466', 1.0, '4304970010325867', true, 0);
INSERT INTO socio_servicio (socio_id, servicio_id) VALUES (126, 15.0);
INSERT INTO socio (id, nro, nombre, apellido, tipoDoc, numDoc, correo, telefono, domicilio, entidadcrediticia_id, tarjetaNum, activo, ctacte) VALUES (127, '1046', ' Jorge Luis ', ' Gonzalez ', 'dni', 16711370, 'cocogonzalez3864@gmail.com', '15604675/435498', 'lucas bridges 678', 1.0, '4249650000000211', true, 0);
INSERT INTO socio_servicio (socio_id, servicio_id) VALUES (127, 15.0);
INSERT INTO socio (id, nro, nombre, apellido, tipoDoc, numDoc, correo, telefono, domicilio, entidadcrediticia_id, tarjetaNum, activo, ctacte) VALUES (128, '1047', ' Andres Alejandro ', ' Bronzovic ', 'dni', 22824404, 'NULL', '15611438', 'gob. campos 1310', 1.0, '4304970016789231', true, 0);
INSERT INTO socio_servicio (socio_id, servicio_id) VALUES (128, 15.0);
INSERT INTO socio (id, nro, nombre, apellido, tipoDoc, numDoc, correo, telefono, domicilio, entidadcrediticia_id, tarjetaNum, activo, ctacte) VALUES (129, '1048', ' Eduardo Roberto ', ' Urquiza ', 'dni', 17990348, 'eduardourquiza23@yahoo.com.ar', '1458473/435232/', 'fitz roy esq. kayen s/n bo judicial', 2.0, '5303630342571228', true, 0);
INSERT INTO socio_servicio (socio_id, servicio_id) VALUES (129, 15.0);
INSERT INTO socio (id, nro, nombre, apellido, tipoDoc, numDoc, correo, telefono, domicilio, entidadcrediticia_id, tarjetaNum, activo, ctacte) VALUES (130, '1049', ' Martin Eduardo ', ' Dalmazzo ', 'dni', 18594879, 'martin_dalmazzo@hotmail.com', '15509626/445261', 'de las estrellas 1893', 1.0, '4249670000016850', true, 0);
INSERT INTO socio_servicio (socio_id, servicio_id) VALUES (130, 15.0);
INSERT INTO socio (id, nro, nombre, apellido, tipoDoc, numDoc, correo, telefono, domicilio, entidadcrediticia_id, tarjetaNum, activo, ctacte) VALUES (131, '1050', ' Juan Francisco ', ' Curro ', 'dni', 17075605, 'juanfraush@gmail.com', '15619337/422010', 'juan rodriguez 573', 2.0, '5165850034078582', true, 0);
INSERT INTO socio_servicio (socio_id, servicio_id) VALUES (131, 15.0);
INSERT INTO socio (id, nro, nombre, apellido, tipoDoc, numDoc, correo, telefono, domicilio, entidadcrediticia_id, tarjetaNum, activo, ctacte) VALUES (132, '1052', ' Edgar Ernesto ', ' Stabile ', 'dni', 20787529, 'NULL', '431372/15401573', 'del recodo 2348', 2.0, '5165854413721937', true, 0);
INSERT INTO socio_servicio (socio_id, servicio_id) VALUES (132, 15.0);
INSERT INTO socio (id, nro, nombre, apellido, tipoDoc, numDoc, correo, telefono, domicilio, entidadcrediticia_id, tarjetaNum, activo, ctacte) VALUES (133, '1055', ' Jorge Daniel ', ' Ontivero ', 'dni', 11961460, 'jd.ontivero@gmail.com', '423484/15413606', 'naufragos del sarmiento 660', 2.0, '4249670000063282', true, 0);
INSERT INTO socio_servicio (socio_id, servicio_id) VALUES (133, 15.0);
INSERT INTO socio (id, nro, nombre, apellido, tipoDoc, numDoc, correo, telefono, domicilio, entidadcrediticia_id, tarjetaNum, activo, ctacte) VALUES (134, '1057', ' Cristian Javier ', ' Herrera ', 'dni', 24836821, 'cjr280875@gmail.com', '15510374 / 1551', 'rubinos 286', 2.0, '5570818891651006', true, 0);
INSERT INTO socio_servicio (socio_id, servicio_id) VALUES (134, 15.0);
INSERT INTO socio (id, nro, nombre, apellido, tipoDoc, numDoc, correo, telefono, domicilio, entidadcrediticia_id, tarjetaNum, activo, ctacte) VALUES (135, '1059', ' Fernando Andres ', ' Vera ', 'dni', 23059214, 'fernandovera.abogado@gmail.com', '432431/15518583', 'vicente canga 1619', 1.0, '4660578005551831', true, 0);
INSERT INTO socio_servicio (socio_id, servicio_id) VALUES (135, 15.0);
INSERT INTO socio (id, nro, nombre, apellido, tipoDoc, numDoc, correo, telefono, domicilio, entidadcrediticia_id, tarjetaNum, activo, ctacte) VALUES (136, '1060', ' Javier Leandro ', ' Bacigaluppi ', 'dni', 24912573, 'jlbacigal@hotmail.com', '437217/15617933', 'kaiken 130', 1.0, '4540758004483592', true, 0);
INSERT INTO socio_servicio (socio_id, servicio_id) VALUES (136, 15.0);
INSERT INTO socio (id, nro, nombre, apellido, tipoDoc, numDoc, correo, telefono, domicilio, entidadcrediticia_id, tarjetaNum, activo, ctacte) VALUES (137, '1061', ' Nestor Omar ', ' Canello ', 'dni', 17283893, 'galli_65@hotmail.com', '436409/15477873', 'l.n.alem 2191', 1.0, '4249660000011464', true, 0);
INSERT INTO socio_servicio (socio_id, servicio_id) VALUES (137, 15.0);
INSERT INTO socio (id, nro, nombre, apellido, tipoDoc, numDoc, correo, telefono, domicilio, entidadcrediticia_id, tarjetaNum, activo, ctacte) VALUES (138, '1062', ' Jorge ', ' Motter ', 'dni', 32336186, 'alejandro_ush@hotmail.com', '15417430', '12 de octubre 178', 1.0, '4660570018497649', true, 0);
INSERT INTO socio_servicio (socio_id, servicio_id) VALUES (138, 15.0);
INSERT INTO socio (id, nro, nombre, apellido, tipoDoc, numDoc, correo, telefono, domicilio, entidadcrediticia_id, tarjetaNum, activo, ctacte) VALUES (139, '1063', ' Carlos Leonardo ', ' Bustamante ', 'dni', 14739598, 'cl_bustamante@yahoo.com.ar', '02964-419490', 'paseo de la plaza 2081', 1.0, '4249653000026939', true, 0);
INSERT INTO socio_servicio (socio_id, servicio_id) VALUES (139, 15.0);
INSERT INTO socio (id, nro, nombre, apellido, tipoDoc, numDoc, correo, telefono, domicilio, entidadcrediticia_id, tarjetaNum, activo, ctacte) VALUES (140, '1064', ' Claudia Patricia ', ' Gandolfo ', 'dni', 14790764, 'cpgandolfo@hotmail.com', '2901-15609549-4', 'mon sr scriva 2039', 1.0, '4793780002284719', true, 0);
INSERT INTO socio_servicio (socio_id, servicio_id) VALUES (140, 15.0);
INSERT INTO socio (id, nro, nombre, apellido, tipoDoc, numDoc, correo, telefono, domicilio, entidadcrediticia_id, tarjetaNum, activo, ctacte) VALUES (141, '1066', ' German Oscar ', ' Thompson ', 'dni', 27075152, 'germanthompson27@hotmail.com', '430398/422901/1', 'del bosque 608 ushuaia', 1.0, '4420140000504397', true, 0);
INSERT INTO socio_servicio (socio_id, servicio_id) VALUES (141, 15.0);
INSERT INTO socio (id, nro, nombre, apellido, tipoDoc, numDoc, correo, telefono, domicilio, entidadcrediticia_id, tarjetaNum, activo, ctacte) VALUES (142, '1068', ' Vedrana ', ' Bronzovich ', 'dni', 32336192, 'veky_bro@hotmail.com', '15606266-425161', 'deloqui 1080', 1.0, '4937020000625911', true, 0);
INSERT INTO socio_servicio (socio_id, servicio_id) VALUES (142, 15.0);
INSERT INTO socio (id, nro, nombre, apellido, tipoDoc, numDoc, correo, telefono, domicilio, entidadcrediticia_id, tarjetaNum, activo, ctacte) VALUES (143, '1071', ' Martin Alejandro Federico ', ' Chinicola ', 'dni', 23528074, 'NULL', '430081/ 1565212', 'karukinka 62', 2.0, '5247023302040898', true, 0);
INSERT INTO socio_servicio (socio_id, servicio_id) VALUES (143, 15.0);
INSERT INTO socio (id, nro, nombre, apellido, tipoDoc, numDoc, correo, telefono, domicilio, entidadcrediticia_id, tarjetaNum, activo, ctacte) VALUES (144, '1072', ' Hector Omar ', ' Izarra ', 'dni', 10914738, 'izarra.hectoromar2@gmail.com', 'NULL', 'gob valdez 794', 1.0, '4540730005008991', true, 0);
INSERT INTO socio_servicio (socio_id, servicio_id) VALUES (144, 15.0);
INSERT INTO socio (id, nro, nombre, apellido, tipoDoc, numDoc, correo, telefono, domicilio, entidadcrediticia_id, tarjetaNum, activo, ctacte) VALUES (145, '1074', ' Guillermo ', ' Cappelloni ', 'dni', 29631357, 'cappelloni_g@hotmail.com', '433886-15417534', 'av maipu 770', 1.0, '4984340000425738', true, 0);
INSERT INTO socio_servicio (socio_id, servicio_id) VALUES (145, 15.0);
INSERT INTO socio (id, nro, nombre, apellido, tipoDoc, numDoc, correo, telefono, domicilio, entidadcrediticia_id, tarjetaNum, activo, ctacte) VALUES (146, '1076', ' Ricardo Nicolas ', ' Barchetta ', 'dni', 22977212, 'rnbarchetta@hotmail.com', '446706/15448645', 'de la plaza 3362', 2.0, '5536382954908186', true, 0);
INSERT INTO socio_servicio (socio_id, servicio_id) VALUES (146, 15.0);
INSERT INTO socio (id, nro, nombre, apellido, tipoDoc, numDoc, correo, telefono, domicilio, entidadcrediticia_id, tarjetaNum, activo, ctacte) VALUES (147, '1077', ' Ramiro Alberto ', ' Requejado ', 'dni', 23805357, 'ramiroreque@hotmail.com', '443883/423521', 'salvador dali 1971', 1.0, '4704550000162391', true, 0);
INSERT INTO socio_servicio (socio_id, servicio_id) VALUES (147, 15.0);
INSERT INTO socio (id, nro, nombre, apellido, tipoDoc, numDoc, correo, telefono, domicilio, entidadcrediticia_id, tarjetaNum, activo, ctacte) VALUES (148, '1080', ' Anibal Alexis ', ' Gonzalez ', 'dni', 26447453, 'anibalalexis@gmail.com', '15465432-422297', 'de la estancia 2776 3 c', 1.0, '4546420023564290', true, 0);
INSERT INTO socio_servicio (socio_id, servicio_id) VALUES (148, 15.0);
INSERT INTO socio (id, nro, nombre, apellido, tipoDoc, numDoc, correo, telefono, domicilio, entidadcrediticia_id, tarjetaNum, activo, ctacte) VALUES (149, '1081', ' Hugo Mario ', ' Tardioli ', 'dni', 12517544, 'htardioli@gmail.com', '423360/15510716', 'psje padre ramos 981', 2.0, '5275720003164456', true, 0);
INSERT INTO socio_servicio (socio_id, servicio_id) VALUES (149, 15.0);
INSERT INTO socio (id, nro, nombre, apellido, tipoDoc, numDoc, correo, telefono, domicilio, entidadcrediticia_id, tarjetaNum, activo, ctacte) VALUES (150, '1083', ' Gustavo Fabian ', ' Mirabelli ', 'dni', 17899268, 'gustavomiravelli@hotmail.com', '15605984', 'isla redonda 371', 1.0, '4249650000066345', true, 0);
INSERT INTO socio_servicio (socio_id, servicio_id) VALUES (150, 15.0);
INSERT INTO socio (id, nro, nombre, apellido, tipoDoc, numDoc, correo, telefono, domicilio, entidadcrediticia_id, tarjetaNum, activo, ctacte) VALUES (151, '1084', ' Emilio Fabian ', ' Urruty ', 'dni', 16090428, 'emiliourruty@hotmail.com', '15513643', 'alem 4327', 1.0, '4793750005305233', true, 0);
INSERT INTO socio_servicio (socio_id, servicio_id) VALUES (151, 15.0);
INSERT INTO socio (id, nro, nombre, apellido, tipoDoc, numDoc, correo, telefono, domicilio, entidadcrediticia_id, tarjetaNum, activo, ctacte) VALUES (152, '1086', ' Martin ', ' Cabrera ', 'dni', 29069215, 'NULL', '15534668-422330', 'rafaela ishton 749', 1.0, '4249650000158019', true, 0);
INSERT INTO socio_servicio (socio_id, servicio_id) VALUES (152, 15.0);
INSERT INTO socio (id, nro, nombre, apellido, tipoDoc, numDoc, correo, telefono, domicilio, entidadcrediticia_id, tarjetaNum, activo, ctacte) VALUES (153, '1088', ' Jorge Eduardo ', ' Rija ', 'dni', 14073940, 'eduardorija@hotmail.com', '443131/15611462', 'kuanip 1848 ushuaia', 1.0, '4304970010829280', true, 0);
INSERT INTO socio_servicio (socio_id, servicio_id) VALUES (153, 15.0);
INSERT INTO socio (id, nro, nombre, apellido, tipoDoc, numDoc, correo, telefono, domicilio, entidadcrediticia_id, tarjetaNum, activo, ctacte) VALUES (154, '1094', ' Jose Luis ', ' Garcia ', 'dni', 17530483, 'tery225@hotmail.com.ar', '15477965', 'yowen 2290', 1.0, '4540750022911753', true, 0);
INSERT INTO socio_servicio (socio_id, servicio_id) VALUES (154, 15.0);
INSERT INTO socio (id, nro, nombre, apellido, tipoDoc, numDoc, correo, telefono, domicilio, entidadcrediticia_id, tarjetaNum, activo, ctacte) VALUES (155, '1095', ' Gustavo Daniel ', ' Alegre ', 'dni', 22239335, 'mariaemilia@hotmail.com.ar', '/15603797/15514', 'valle de los coihues 341 andorra', 1.0, '4509940002565070', true, 0);
INSERT INTO socio_servicio (socio_id, servicio_id) VALUES (155, 15.0);
INSERT INTO socio (id, nro, nombre, apellido, tipoDoc, numDoc, correo, telefono, domicilio, entidadcrediticia_id, tarjetaNum, activo, ctacte) VALUES (156, '1097', ' Mariano Daniel ', ' Ripoli ', 'dni', 24687647, 'marianoripoli@hotmail.com', '437388-15612221', 'magallanes 137', 1.0, '4540750014497910', true, 0);
INSERT INTO socio_servicio (socio_id, servicio_id) VALUES (156, 15.0);
INSERT INTO socio (id, nro, nombre, apellido, tipoDoc, numDoc, correo, telefono, domicilio, entidadcrediticia_id, tarjetaNum, activo, ctacte) VALUES (157, '1098', ' Pablo Adrian ', ' Valcheff ', 'dni', 22632175, 'pablovalcheff@gmail.com', '440045-15546277', 'corrientes 4236', 1.0, '4555998000388716', true, 0);
INSERT INTO socio_servicio (socio_id, servicio_id) VALUES (157, 15.0);
INSERT INTO socio (id, nro, nombre, apellido, tipoDoc, numDoc, correo, telefono, domicilio, entidadcrediticia_id, tarjetaNum, activo, ctacte) VALUES (158, '1099', ' Carlos Raul ', ' Alvarez ', 'dni', 13529141, 'carlitos42ush@hotmail.com', '445040-15472253', 'isla san pedro 860 piso 1 depto 4', 1.0, '4540750075486430', true, 0);
INSERT INTO socio_servicio (socio_id, servicio_id) VALUES (158, 15.0);
INSERT INTO socio (id, nro, nombre, apellido, tipoDoc, numDoc, correo, telefono, domicilio, entidadcrediticia_id, tarjetaNum, activo, ctacte) VALUES (159, '1100', ' Dora Mabel ', ' Barbosa ', 'dni', 14188265, 'dorys321@gmail.com', '02901(15)467395', 'facundo quiroga 1680', 1.0, '4050710080439289', true, 0);
INSERT INTO socio_servicio (socio_id, servicio_id) VALUES (159, 15.0);
INSERT INTO socio (id, nro, nombre, apellido, tipoDoc, numDoc, correo, telefono, domicilio, entidadcrediticia_id, tarjetaNum, activo, ctacte) VALUES (160, '1101', ' Luis Fernando ', ' Alvarez Zurlo ', 'dni', 25939302, 'feralvarezurlo@yahoo.com.ar', '02901.581414', 'onas 553 tira3 dto 16', 2.0, '5200535063454849', true, 0);
INSERT INTO socio_servicio (socio_id, servicio_id) VALUES (160, 15.0);
INSERT INTO socio (id, nro, nombre, apellido, tipoDoc, numDoc, correo, telefono, domicilio, entidadcrediticia_id, tarjetaNum, activo, ctacte) VALUES (161, '1102', ' Javier Maximiliano ', ' Ruggero ', 'dni', 26185368, 'javier.ruggero@hsbc.com.ar', '02901(15)618316', 'las lengas 579', 2.0, '5536388231059230', true, 0);
INSERT INTO socio_servicio (socio_id, servicio_id) VALUES (161, 15.0);
INSERT INTO socio (id, nro, nombre, apellido, tipoDoc, numDoc, correo, telefono, domicilio, entidadcrediticia_id, tarjetaNum, activo, ctacte) VALUES (162, '1104', ' Gustavo Daniel ', ' Curtale ', 'dni', 21123047, 'curtado@gmail.com', '1546447 - 42335', 'las margaritas 418', 1.0, '4249670000051592', true, 0);
INSERT INTO socio_servicio (socio_id, servicio_id) VALUES (162, 15.0);
INSERT INTO socio (id, nro, nombre, apellido, tipoDoc, numDoc, correo, telefono, domicilio, entidadcrediticia_id, tarjetaNum, activo, ctacte) VALUES (163, '1105', ' Martin Alejandro ', ' Pravaz ', 'dni', 25182460, 'martinpravaz@gmail.com', '15509686 - 4451', '8 de noviembre 265', 1.0, '4697240000622946', true, 0);
INSERT INTO socio_servicio (socio_id, servicio_id) VALUES (163, 15.0);
INSERT INTO socio (id, nro, nombre, apellido, tipoDoc, numDoc, correo, telefono, domicilio, entidadcrediticia_id, tarjetaNum, activo, ctacte) VALUES (164, '1106', ' Rodrigo Ezequiel ', ' Pravaz ', 'dni', 25996447, 'rodrigopravaz@hotmail.com', '15554001', 'tira 3a 2do a barrio 640 viviendas', 1.0, '4029188376094720', true, 0);
INSERT INTO socio_servicio (socio_id, servicio_id) VALUES (164, 15.0);
INSERT INTO socio (id, nro, nombre, apellido, tipoDoc, numDoc, correo, telefono, domicilio, entidadcrediticia_id, tarjetaNum, activo, ctacte) VALUES (165, '1107', ' Lucas Javier ', ' Tabuchini ', 'dni', 28842457, 'javier_tabuchini@hotmail.com', '15567779', '245 viv tira 12 b', 1.0, '4540730024801178', true, 0);
INSERT INTO socio_servicio (socio_id, servicio_id) VALUES (165, 15.0);
INSERT INTO socio (id, nro, nombre, apellido, tipoDoc, numDoc, correo, telefono, domicilio, entidadcrediticia_id, tarjetaNum, activo, ctacte) VALUES (166, '1108', ' William Alejandro L ', ' Suarez ', 'dni', 16666372, 'walsuarez@hotmail.com', '434515/15514217', 'alem 2476 ushuaia', 2.0, '5276010820119563', true, 0);
INSERT INTO socio_servicio (socio_id, servicio_id) VALUES (166, 15.0);
INSERT INTO socio (id, nro, nombre, apellido, tipoDoc, numDoc, correo, telefono, domicilio, entidadcrediticia_id, tarjetaNum, activo, ctacte) VALUES (167, '1109', ' Andres Sebastian ', ' Isola ', 'dni', 24210162, 'andresush@gmail.com', '465289', 'bahia grande 2994', 1.0, '4249650000155734', true, 0);
INSERT INTO socio_servicio (socio_id, servicio_id) VALUES (167, 15.0);
INSERT INTO socio (id, nro, nombre, apellido, tipoDoc, numDoc, correo, telefono, domicilio, entidadcrediticia_id, tarjetaNum, activo, ctacte) VALUES (168, '1110', ' Sergio Gustavo Fabian ', ' Leiva ', 'dni', 22660694, 'sefale23@hotmail.com', '02901565017', '80 viv.felipe varela tira2piso1dto6', 1.0, '4029181181434033', true, 0);
INSERT INTO socio_servicio (socio_id, servicio_id) VALUES (168, 15.0);
INSERT INTO socio (id, nro, nombre, apellido, tipoDoc, numDoc, correo, telefono, domicilio, entidadcrediticia_id, tarjetaNum, activo, ctacte) VALUES (169, '1112', ' Guillermo Raul ', ' Echague ', 'dni', 32733197, 'echagueguillermo@gmail.com', '2901520787', 'av de los ;ires 2334', 1.0, '4540730011807691', true, 0);
INSERT INTO socio_servicio (socio_id, servicio_id) VALUES (169, 15.0);
INSERT INTO socio (id, nro, nombre, apellido, tipoDoc, numDoc, correo, telefono, domicilio, entidadcrediticia_id, tarjetaNum, activo, ctacte) VALUES (170, '1113', ' Martin Alcides ', ' Maiztegui ', 'dni', 18395501, 'maizteguimartin@yahoo.com.ar', '290115459443', 'del arado 2534', 1.0, '4258220000195896', true, 0);
INSERT INTO socio_servicio (socio_id, servicio_id) VALUES (170, 15.0);
INSERT INTO socio (id, nro, nombre, apellido, tipoDoc, numDoc, correo, telefono, domicilio, entidadcrediticia_id, tarjetaNum, activo, ctacte) VALUES (171, '1114', ' Alejandro Fabian ', ' Quintana ', 'dni', 16858787, 'aledro64@hotmail.com', '290115504845', 'francisco torres 1361', 1.0, '4249653000007657', true, 0);
INSERT INTO socio_servicio (socio_id, servicio_id) VALUES (171, 15.0);
INSERT INTO socio (id, nro, nombre, apellido, tipoDoc, numDoc, correo, telefono, domicilio, entidadcrediticia_id, tarjetaNum, activo, ctacte) VALUES (172, '1117', ' Francisco Guillermo ', ' Goicochea ', 'dni', 28119465, 'franciscogoicochea@hotmail.com', '424050 / 155328', 'austral 1906', 2.0, '5505680089420499', true, 0);
INSERT INTO socio_servicio (socio_id, servicio_id) VALUES (172, 15.0);
INSERT INTO socio (id, nro, nombre, apellido, tipoDoc, numDoc, correo, telefono, domicilio, entidadcrediticia_id, tarjetaNum, activo, ctacte) VALUES (173, '1118', ' Ignacio ', ' Loiacono ', 'dni', 29253899, 'lignacio211@gmail.com', '434688/29015365', 'alem 382 piso2 dto b', 1.0, '4249650000083027', true, 0);
INSERT INTO socio_servicio (socio_id, servicio_id) VALUES (173, 15.0);
INSERT INTO socio (id, nro, nombre, apellido, tipoDoc, numDoc, correo, telefono, domicilio, entidadcrediticia_id, tarjetaNum, activo, ctacte) VALUES (174, '1119', ' David Alberto ', ' Nahuz ', 'dni', 22073704, 'david.nahuz@camuzzigas.com.ar', '430100/2964.610', 'puerto almanza 3812', 1.0, '4704550001290274', true, 0);
INSERT INTO socio_servicio (socio_id, servicio_id) VALUES (174, 15.0);
INSERT INTO socio (id, nro, nombre, apellido, tipoDoc, numDoc, correo, telefono, domicilio, entidadcrediticia_id, tarjetaNum, activo, ctacte) VALUES (175, '1120', ' Cristian Adrian ', ' Rosales ', 'dni', 34483632, 'rosales.c@hotmail.com', '443719/15411991', 'alem 4071', 1.0, '4029185522618980', true, 0);
INSERT INTO socio_servicio (socio_id, servicio_id) VALUES (175, 15.0);
INSERT INTO socio (id, nro, nombre, apellido, tipoDoc, numDoc, correo, telefono, domicilio, entidadcrediticia_id, tarjetaNum, activo, ctacte) VALUES (176, '1122', ' Jose Luis ', ' Tabares ', 'dni', 17407293, 'NULL', '443215/2901.415', '12 de octubre 1055', 1.0, '4304970013037204', true, 0);
INSERT INTO socio_servicio (socio_id, servicio_id) VALUES (176, 15.0);
INSERT INTO socio (id, nro, nombre, apellido, tipoDoc, numDoc, correo, telefono, domicilio, entidadcrediticia_id, tarjetaNum, activo, ctacte) VALUES (177, '1123', ' Juan Adolfo ', ' Painelaf ', 'dni', 20163814, 'pasionfutbolush@hotmail.com', '424570/2901.411', 'bahia los abrigos 3122 p1. dto.1', 1.0, '4029189738650969', true, 0);
INSERT INTO socio_servicio (socio_id, servicio_id) VALUES (177, 15.0);
INSERT INTO socio (id, nro, nombre, apellido, tipoDoc, numDoc, correo, telefono, domicilio, entidadcrediticia_id, tarjetaNum, activo, ctacte) VALUES (178, '1124', ' Daniel Hector ', ' Trabuchi ', 'dni', 13954104, 'NULL', '424058/01150028', 'san martin 788 dto.36', 1.0, '4697710000123087', true, 0);
INSERT INTO socio_servicio (socio_id, servicio_id) VALUES (178, 15.0);
INSERT INTO socio (id, nro, nombre, apellido, tipoDoc, numDoc, correo, telefono, domicilio, entidadcrediticia_id, tarjetaNum, activo, ctacte) VALUES (179, '1126', ' Jorge Oreste ', ' Ebling ', 'dni', 13510938, 'jorgeoeblimg@gmail.com', '432239 - 154180', 'magallanes 1580', 1.0, '4593540002344315', true, 0);
INSERT INTO socio_servicio (socio_id, servicio_id) VALUES (179, 15.0);
INSERT INTO socio (id, nro, nombre, apellido, tipoDoc, numDoc, correo, telefono, domicilio, entidadcrediticia_id, tarjetaNum, activo, ctacte) VALUES (180, '1129', ' Alberto Magno ', ' Nuñez ', 'dni', 18041172, 'magnonuñez2016@gmail.com', '431740/29016531', 'alfredo palacios 2714', NULL, 'NULL', true, 0);
INSERT INTO socio_servicio (socio_id, servicio_id) VALUES (180, 15.0);
INSERT INTO socio (id, nro, nombre, apellido, tipoDoc, numDoc, correo, telefono, domicilio, entidadcrediticia_id, tarjetaNum, activo, ctacte) VALUES (181, '1130', ' Juan Manuel ', ' Molinari ', 'dni', 29230005, 'molinarijuanmanuel@yahoo.com', '2901 516015', 'alem 622', 1.0, '4509950123435640', true, 0);
INSERT INTO socio_servicio (socio_id, servicio_id) VALUES (181, 15.0);
INSERT INTO socio (id, nro, nombre, apellido, tipoDoc, numDoc, correo, telefono, domicilio, entidadcrediticia_id, tarjetaNum, activo, ctacte) VALUES (182, '1131', ' Federico ', ' Bellagamba ', 'dni', 27603839, 'federicobellagamba@hotmail.com', '15608745', 'v.andorra la cascada', 1.0, '4338300008842402', true, 0);
INSERT INTO socio_servicio (socio_id, servicio_id) VALUES (182, 15.0);
INSERT INTO socio (id, nro, nombre, apellido, tipoDoc, numDoc, correo, telefono, domicilio, entidadcrediticia_id, tarjetaNum, activo, ctacte) VALUES (183, '1132', ' Gabriela Silvia ', ' Lasa Manfredotti ', 'dni', 24518711, 'lasagabriela@hotmail.com', '2901 15615923', 'manuel fernandez 82 ushuaia', 1.0, '4593540003892635', true, 0);
INSERT INTO socio_servicio (socio_id, servicio_id) VALUES (183, 15.0);
INSERT INTO socio (id, nro, nombre, apellido, tipoDoc, numDoc, correo, telefono, domicilio, entidadcrediticia_id, tarjetaNum, activo, ctacte) VALUES (184, '1133', ' Graciela Cecilia ', ' Ortiz ', 'dni', 14811233, 'NULL', '02901 15467324', 'alem 254 piso 1 dto.1 ushuaia', 1.0, '4249650000013552', true, 0);
INSERT INTO socio_servicio (socio_id, servicio_id) VALUES (184, 15.0);
INSERT INTO socio (id, nro, nombre, apellido, tipoDoc, numDoc, correo, telefono, domicilio, entidadcrediticia_id, tarjetaNum, activo, ctacte) VALUES (185, '1135', ' Juan Carlos ', ' Massaccesi ', 'dni', 12997599, 'juanush@speedy.com.ar', '424166/15448269', 'gobernador gomez 914', 1.0, '4654940000021327', true, 0);
INSERT INTO socio_servicio (socio_id, servicio_id) VALUES (185, 15.0);
INSERT INTO socio (id, nro, nombre, apellido, tipoDoc, numDoc, correo, telefono, domicilio, entidadcrediticia_id, tarjetaNum, activo, ctacte) VALUES (186, '1137', ' Fulvio Luciano ', ' Baschera ', 'dni', 13392801, 'fulbas@gmail.com', '2901 447017', 'del rio 901', 1.0, '4697240000036428', true, 0);
INSERT INTO socio_servicio (socio_id, servicio_id) VALUES (186, 15.0);
INSERT INTO socio (id, nro, nombre, apellido, tipoDoc, numDoc, correo, telefono, domicilio, entidadcrediticia_id, tarjetaNum, activo, ctacte) VALUES (187, '1139', ' Francisco Adolfo Vladimir ', ' Espeche ', 'dni', 24803495, 'espechevladimir@gmail.com', '290115447858', 'fuentealba 4725', 1.0, '4984340001105834', true, 0);
INSERT INTO socio_servicio (socio_id, servicio_id) VALUES (187, 15.0);
INSERT INTO socio (id, nro, nombre, apellido, tipoDoc, numDoc, correo, telefono, domicilio, entidadcrediticia_id, tarjetaNum, activo, ctacte) VALUES (188, '1141', ' Emiliano Nicolas ', ' Tardioli ', 'dni', 30128612, 'etardioli@gmail.com', '2901 15512602', 'psje padre ramos 981', 1.0, '4050710141555925', true, 0);
INSERT INTO socio_servicio (socio_id, servicio_id) VALUES (188, 15.0);
INSERT INTO socio (id, nro, nombre, apellido, tipoDoc, numDoc, correo, telefono, domicilio, entidadcrediticia_id, tarjetaNum, activo, ctacte) VALUES (189, '1142', ' Marcelo ', ' Ariznabarreta ', 'dni', 22925576, 'ariznam@gmail.com', '2901 604461', 'del recodo 2062', 2.0, '5165850047775703', true, 0);
INSERT INTO socio_servicio (socio_id, servicio_id) VALUES (189, 15.0);
INSERT INTO socio (id, nro, nombre, apellido, tipoDoc, numDoc, correo, telefono, domicilio, entidadcrediticia_id, tarjetaNum, activo, ctacte) VALUES (190, '1143', ' Esteban Eduardo ', ' Cavallieri ', 'dni', 18168045, 'cavallieri@yahoo.com.ar', '2901634555', 'provincia grande 2784', 1.0, '4304970016250382', true, 0);
INSERT INTO socio_servicio (socio_id, servicio_id) VALUES (190, 15.0);
INSERT INTO socio (id, nro, nombre, apellido, tipoDoc, numDoc, correo, telefono, domicilio, entidadcrediticia_id, tarjetaNum, activo, ctacte) VALUES (191, '1145', ' Claudia Marcela ', ' Soto ', 'dni', 26185366, 'clausotoneim@gmail.com', '2901516837', 'rio ewan 1495', 1.0, '4249670000128622', true, 0);
INSERT INTO socio_servicio (socio_id, servicio_id) VALUES (191, 15.0);
INSERT INTO socio (id, nro, nombre, apellido, tipoDoc, numDoc, correo, telefono, domicilio, entidadcrediticia_id, tarjetaNum, activo, ctacte) VALUES (192, '1146', ' Fabian Alberto ', ' Calderon ', 'dni', 18514220, 'fabian_acalderon@hotmail.com', '2901581202', 'alem 742', 1.0, '4338300001966364', true, 0);
INSERT INTO socio_servicio (socio_id, servicio_id) VALUES (192, 15.0);
INSERT INTO socio (id, nro, nombre, apellido, tipoDoc, numDoc, correo, telefono, domicilio, entidadcrediticia_id, tarjetaNum, activo, ctacte) VALUES (193, '1147', ' Francisco Javier ', ' Gross ', 'dni', 18117402, 'fjg1966@live.com.ar', '2901610848', 'rivadavia 346', 1.0, '4593548000709603', true, 0);
INSERT INTO socio_servicio (socio_id, servicio_id) VALUES (193, 15.0);
INSERT INTO socio (id, nro, nombre, apellido, tipoDoc, numDoc, correo, telefono, domicilio, entidadcrediticia_id, tarjetaNum, activo, ctacte) VALUES (194, '1148', ' Mariano ', ' Izzo ', 'dni', 14819455, 'mariano-izzo@speedy.com.ar', '431185 /1561355', 'maipu 1401', 1.0, '4660570093064637', true, 0);
INSERT INTO socio_servicio (socio_id, servicio_id) VALUES (194, 15.0);
INSERT INTO socio (id, nro, nombre, apellido, tipoDoc, numDoc, correo, telefono, domicilio, entidadcrediticia_id, tarjetaNum, activo, ctacte) VALUES (195, '1149', ' Javier Alejandro ', ' Villegas ', 'dni', 26509051, 'jvvillegas@hotmail.com', '15530172', 'bahia de los abrigos 3065', 1.0, '4239850000067606', true, 0);
INSERT INTO socio_servicio (socio_id, servicio_id) VALUES (195, 15.0);
INSERT INTO socio (id, nro, nombre, apellido, tipoDoc, numDoc, correo, telefono, domicilio, entidadcrediticia_id, tarjetaNum, activo, ctacte) VALUES (196, '1151', ' Alberto Daniel ', ' Martinez ', 'dni', 14506557, 'admartinez261@gmail.com', '02901.15530497/', 'rivadavia 778 ushuaia', 1.0, '4249650000241120', true, 0);
INSERT INTO socio_servicio (socio_id, servicio_id) VALUES (196, 15.0);
INSERT INTO socio (id, nro, nombre, apellido, tipoDoc, numDoc, correo, telefono, domicilio, entidadcrediticia_id, tarjetaNum, activo, ctacte) VALUES (197, '1152', ' Hernan Rodrigo ', ' Galar ', 'dni', 32093897, 'hgalar22@hotmail.com', '2901 501144', 'intevu14 casa 53 ushuaia', 2.0, '5536384134653997', true, 0);
INSERT INTO socio_servicio (socio_id, servicio_id) VALUES (197, 15.0);
INSERT INTO socio (id, nro, nombre, apellido, tipoDoc, numDoc, correo, telefono, domicilio, entidadcrediticia_id, tarjetaNum, activo, ctacte) VALUES (198, '1153', ' Adolfo David ', ' Stutz ', 'dni', 23313403, 'adavidstutz@gmail.com', '421148/15481016', 'gob. campos 1240 ushuaia', 1.0, '4937150000863913', true, 0);
INSERT INTO socio_servicio (socio_id, servicio_id) VALUES (198, 15.0);
INSERT INTO socio (id, nro, nombre, apellido, tipoDoc, numDoc, correo, telefono, domicilio, entidadcrediticia_id, tarjetaNum, activo, ctacte) VALUES (199, '1154', ' Claudio Marcelo ', ' Almeyda ', 'dni', 20496215, 'marceloalmeyda@hotmail.com', '2901 433766/290', 'puerto almanza 3917 ushuaia', 1.0, '4546420005043321', true, 0);
INSERT INTO socio_servicio (socio_id, servicio_id) VALUES (199, 15.0);
INSERT INTO socio (id, nro, nombre, apellido, tipoDoc, numDoc, correo, telefono, domicilio, entidadcrediticia_id, tarjetaNum, activo, ctacte) VALUES (200, '1155', ' Sergio Omar ', ' Ardusso ', 'dni', 17541582, 'sergioardusso2@gmail.com', '423853/2901 449', 'j.m.beauvoir 2111 ushuaia', 1.0, '4508430032395996', true, 0);
INSERT INTO socio_servicio (socio_id, servicio_id) VALUES (200, 15.0);
INSERT INTO socio (id, nro, nombre, apellido, tipoDoc, numDoc, correo, telefono, domicilio, entidadcrediticia_id, tarjetaNum, activo, ctacte) VALUES (201, '1156', ' Edgardo Ramon ', ' Avinceta ', 'dni', 21446196, 'avinceta@gmail.com', '2901 583369', 'salvador dali 2038', 1.0, '4540730060233781', true, 0);
INSERT INTO socio_servicio (socio_id, servicio_id) VALUES (201, 15.0);
INSERT INTO socio (id, nro, nombre, apellido, tipoDoc, numDoc, correo, telefono, domicilio, entidadcrediticia_id, tarjetaNum, activo, ctacte) VALUES (202, '1157', ' Macarena Ayelen ', ' Aguilar Ackerman ', 'dni', 34674716, 'm.aguilar.akermann@gmail.com', '2901 15641864', 'marcos zar norte 1348', 1.0, '4660570078189334', true, 0);
INSERT INTO socio_servicio (socio_id, servicio_id) VALUES (202, 15.0);
INSERT INTO socio (id, nro, nombre, apellido, tipoDoc, numDoc, correo, telefono, domicilio, entidadcrediticia_id, tarjetaNum, activo, ctacte) VALUES (203, '1159', ' Juan Manuel ', ' Mottola ', 'dni', 29920737, 'NULL', '2901-560885', 'juan rodriguez 570', 1.0, '4720390000007951', true, 0);
INSERT INTO socio_servicio (socio_id, servicio_id) VALUES (203, 15.0);
INSERT INTO socio (id, nro, nombre, apellido, tipoDoc, numDoc, correo, telefono, domicilio, entidadcrediticia_id, tarjetaNum, activo, ctacte) VALUES (204, '1160', ' Nazareno Oscar ', ' Caballero ', 'dni', 32083326, 'nachonoc@hotmail.com.ar', '2901-469719', 'valle de andorra quinta 185', 1.0, '4875060000031177', true, 0);
INSERT INTO socio_servicio (socio_id, servicio_id) VALUES (204, 15.0);
INSERT INTO socio (id, nro, nombre, apellido, tipoDoc, numDoc, correo, telefono, domicilio, entidadcrediticia_id, tarjetaNum, activo, ctacte) VALUES (205, '1161', ' Cesar David ', ' Molina ', 'dni', 95600375, 'jmbahamonde@gmail.com', '2901-494014', 'onas 55', 2.0, '5239205065700822', true, 0);
INSERT INTO socio_servicio (socio_id, servicio_id) VALUES (205, 15.0);
INSERT INTO socio (id, nro, nombre, apellido, tipoDoc, numDoc, correo, telefono, domicilio, entidadcrediticia_id, tarjetaNum, activo, ctacte) VALUES (206, '1162', ' Leonardo Fabian ', ' Gamarra ', 'dni', 20090897, 'sanpato2014@gmail.com', '2901-512611', 'maria elena walsch 4373', 1.0, '4338318000752163', true, 0);
INSERT INTO socio_servicio (socio_id, servicio_id) VALUES (206, 15.0);
INSERT INTO socio (id, nro, nombre, apellido, tipoDoc, numDoc, correo, telefono, domicilio, entidadcrediticia_id, tarjetaNum, activo, ctacte) VALUES (207, '1163', ' Marcelo Luis ', ' Carta ', 'dni', 14886066, 'marcelo.carta@gmail.com', '2901-633853', 'aldo motter 979', 1.0, '4029188195444353', true, 0);
INSERT INTO socio_servicio (socio_id, servicio_id) VALUES (207, 15.0);
INSERT INTO socio (id, nro, nombre, apellido, tipoDoc, numDoc, correo, telefono, domicilio, entidadcrediticia_id, tarjetaNum, activo, ctacte) VALUES (208, '1164', ' Carlos Rodolfo ', ' De Chazal ', 'dni', 12073397, 'carlosde_chazal@hotmail.com', '2901-553094', 'monse;or scriba 1939', 1.0, '4697710000096515', true, 0);
INSERT INTO socio_servicio (socio_id, servicio_id) VALUES (208, 15.0);
INSERT INTO socio (id, nro, nombre, apellido, tipoDoc, numDoc, correo, telefono, domicilio, entidadcrediticia_id, tarjetaNum, activo, ctacte) VALUES (209, '1165', ' Sergio Fabian ', ' Tapia ', 'dni', 22315525, 'serfatapia@gmail.com', '2901-516771', 'rio ewan 1235 piso 2 dpto d', 1.0, '4555990022257037', true, 0);
INSERT INTO socio_servicio (socio_id, servicio_id) VALUES (209, 15.0);
INSERT INTO socio (id, nro, nombre, apellido, tipoDoc, numDoc, correo, telefono, domicilio, entidadcrediticia_id, tarjetaNum, activo, ctacte) VALUES (210, '1166', ' Damian Alvaro ', ' Oviedo ', 'dni', 22652696, 'julieta964@gmail.com', '0290115503931', 'de la estancia 2726 3 c', 1.0, '4338300004988829', true, 0);
INSERT INTO socio_servicio (socio_id, servicio_id) VALUES (210, 15.0);
INSERT INTO socio (id, nro, nombre, apellido, tipoDoc, numDoc, correo, telefono, domicilio, entidadcrediticia_id, tarjetaNum, activo, ctacte) VALUES (211, '1167', ' Victor Alfredo ', ' Alderete ', 'dni', 21558099, 'NULL', '15561342', 'bintevu 13 casa 22 ushuaia', 1.0, '4050710168393754', true, 0);
INSERT INTO socio_servicio (socio_id, servicio_id) VALUES (211, 15.0);
INSERT INTO socio (id, nro, nombre, apellido, tipoDoc, numDoc, correo, telefono, domicilio, entidadcrediticia_id, tarjetaNum, activo, ctacte) VALUES (212, '1168', ' Agustina ', ' Bianchi ', 'dni', 32136164, 'NULL', '2901400209', 'del tolkeyen 943', 2.0, '5597984314427504', true, 0);
INSERT INTO socio_servicio (socio_id, servicio_id) VALUES (212, 15.0);
INSERT INTO socio (id, nro, nombre, apellido, tipoDoc, numDoc, correo, telefono, domicilio, entidadcrediticia_id, tarjetaNum, activo, ctacte) VALUES (213, '1169', ' Guillermo Alejandro ', ' Karalevich ', 'dni', 24461027, 'guille_karalevich@hotmail.com', '2901 600596', 'bahia primera 3942', 1.0, '4258218000476159', true, 0);
INSERT INTO socio_servicio (socio_id, servicio_id) VALUES (213, 15.0);
INSERT INTO socio (id, nro, nombre, apellido, tipoDoc, numDoc, correo, telefono, domicilio, entidadcrediticia_id, tarjetaNum, activo, ctacte) VALUES (214, '1170', ' Pablo Jesus ', ' Barone ', 'dni', 29766417, 'baronepablojesus@gmail.com', '02901 15531817', 'psje los cauquenes n 1000', 1.0, '4420140000129765', true, 0);
INSERT INTO socio_servicio (socio_id, servicio_id) VALUES (214, 15.0);
INSERT INTO socio (id, nro, nombre, apellido, tipoDoc, numDoc, correo, telefono, domicilio, entidadcrediticia_id, tarjetaNum, activo, ctacte) VALUES (215, '1171', ' Mauro ', ' Fourastie ', 'dni', 31367605, 'maufourasne@gmail.com', '02901 15495877', 'roca 586 ushuaia', 2.0, '5366504422673838', true, 0);
INSERT INTO socio_servicio (socio_id, servicio_id) VALUES (215, 15.0);
INSERT INTO socio (id, nro, nombre, apellido, tipoDoc, numDoc, correo, telefono, domicilio, entidadcrediticia_id, tarjetaNum, activo, ctacte) VALUES (216, '1172', ' Carlos Gabriel ', ' Guzman ', 'dni', 25758914, 'g.guzman.ush@gmail.com', '2901 517848', 'bahia de los abrigos 2732 1 "d"', 1.0, '4258210002572473', true, 0);
INSERT INTO socio_servicio (socio_id, servicio_id) VALUES (216, 15.0);
INSERT INTO socio (id, nro, nombre, apellido, tipoDoc, numDoc, correo, telefono, domicilio, entidadcrediticia_id, tarjetaNum, activo, ctacte) VALUES (217, '1173', ' Hector Elias ', ' Moraez ', 'dni', 22157849, 'hectoreliasmoraez22@gmail.com', '15531600/446806', 'de la esatancia casa 23', 1.0, '4546420015610820', true, 0);
INSERT INTO socio_servicio (socio_id, servicio_id) VALUES (217, 15.0);
INSERT INTO socio (id, nro, nombre, apellido, tipoDoc, numDoc, correo, telefono, domicilio, entidadcrediticia_id, tarjetaNum, activo, ctacte) VALUES (218, '1174', ' Marcos Javier ', ' Andrade Diaz ', 'dni', 29903294, 'marcos_ush62@hotmail.com', 'NULL', '9 de julio 271 ushuaia', 1.0, '4875060000022390', true, 0);
INSERT INTO socio_servicio (socio_id, servicio_id) VALUES (218, 15.0);
INSERT INTO socio (id, nro, nombre, apellido, tipoDoc, numDoc, correo, telefono, domicilio, entidadcrediticia_id, tarjetaNum, activo, ctacte) VALUES (219, '1175', ' Marco Teodoro ', ' Petrini Mugnos ', 'dni', 20475537, 'marcopetrini07@gmail.com', '2901 533970', 'fadul 32 2 b ushuaia', 2.0, '5591988274078062', true, 0);
INSERT INTO socio_servicio (socio_id, servicio_id) VALUES (219, 15.0);
INSERT INTO socio (id, nro, nombre, apellido, tipoDoc, numDoc, correo, telefono, domicilio, entidadcrediticia_id, tarjetaNum, activo, ctacte) VALUES (220, '1176', ' Diego Edgardo ', ' Holzmann ', 'dni', 35162360, 'diegoholzmann@gmail.com', '433774/ 1544783', 'f. romero 325 1p dto b', 2.0, '5281742828287389', true, 0);
INSERT INTO socio_servicio (socio_id, servicio_id) VALUES (220, 15.0);
INSERT INTO socio (id, nro, nombre, apellido, tipoDoc, numDoc, correo, telefono, domicilio, entidadcrediticia_id, tarjetaNum, activo, ctacte) VALUES (221, '1177', ' Miguel Angel ', ' Zangla ', 'dni', 24016114, 'maflyfishermantdf@gmail.com', '431561/511183', 'polidoro seguers 15 ushuaia', 1.0, '4029181659619487', true, 0);
INSERT INTO socio_servicio (socio_id, servicio_id) VALUES (221, 15.0);
INSERT INTO socio (id, nro, nombre, apellido, tipoDoc, numDoc, correo, telefono, domicilio, entidadcrediticia_id, tarjetaNum, activo, ctacte) VALUES (222, '1178', ' Francisco Edgardo ', ' Martinez ', 'dni', 14368928, 'franmar85@gmail.com', '2901 467887', 'antartida  argentina ushuaia', 1.0, '4593548000650377', true, 0);
INSERT INTO socio_servicio (socio_id, servicio_id) VALUES (222, 15.0);
INSERT INTO socio (id, nro, nombre, apellido, tipoDoc, numDoc, correo, telefono, domicilio, entidadcrediticia_id, tarjetaNum, activo, ctacte) VALUES (223, '1179', ' Ricardo Gabriel ', ' Cordoba ', 'dni', 22295800, 'rgc1972@gmail.com', '2901 1511013', 'hielos continentales 618', 1.0, '4249670000051196', true, 0);
INSERT INTO socio_servicio (socio_id, servicio_id) VALUES (223, 15.0);
INSERT INTO socio (id, nro, nombre, apellido, tipoDoc, numDoc, correo, telefono, domicilio, entidadcrediticia_id, tarjetaNum, activo, ctacte) VALUES (224, '1180', ' Jorge Alberto ', ' Pal ', 'dni', 16077717, 'jorgepal1962@gmail.com', 'NULL', '245 viviendas tira 14 ushuaia', 2.0, '5281740090937731', true, 0);
INSERT INTO socio_servicio (socio_id, servicio_id) VALUES (224, 15.0);
INSERT INTO socio (id, nro, nombre, apellido, tipoDoc, numDoc, correo, telefono, domicilio, entidadcrediticia_id, tarjetaNum, activo, ctacte) VALUES (225, '1181', ' Laureano Exequiel ', ' Holzmann ', 'dni', 25342524, 'bombero062@hotmail.com', '2901-465874', '640 viv t13 c dpto 1d', 2.0, '5263961139127967', true, 0);
INSERT INTO socio_servicio (socio_id, servicio_id) VALUES (225, 15.0);
INSERT INTO socio (id, nro, nombre, apellido, tipoDoc, numDoc, correo, telefono, domicilio, entidadcrediticia_id, tarjetaNum, activo, ctacte) VALUES (226, '1182', ' Alvaro ', ' Chaves ', 'dni', 34375203, 'guanacomedialed@gmail.com', '2901-612610', 'salvador dali 1867', 2.0, '5494270068455030', true, 0);
INSERT INTO socio_servicio (socio_id, servicio_id) VALUES (226, 15.0);
INSERT INTO socio (id, nro, nombre, apellido, tipoDoc, numDoc, correo, telefono, domicilio, entidadcrediticia_id, tarjetaNum, activo, ctacte) VALUES (227, '1183', ' Gustavo Gabriel ', ' Barrera ', 'dni', 30096883, 'NULL', 'NULL', 'valle de andorra', 2.0, '5542886678262391', true, 0);
INSERT INTO socio_servicio (socio_id, servicio_id) VALUES (227, 15.0);
INSERT INTO socio (id, nro, nombre, apellido, tipoDoc, numDoc, correo, telefono, domicilio, entidadcrediticia_id, tarjetaNum, activo, ctacte) VALUES (228, '1184', ' Silvina Mariela ', ' Canello Gomez ', 'dni', 32789369, 'silvina_canello@hotmail.com', '2901-564362', 'cormoran 111', 1.0, '4338310006383465', true, 0);
INSERT INTO socio_servicio (socio_id, servicio_id) VALUES (228, 15.0);
INSERT INTO socio (id, nro, nombre, apellido, tipoDoc, numDoc, correo, telefono, domicilio, entidadcrediticia_id, tarjetaNum, activo, ctacte) VALUES (229, '1185', ' Cyntia Solange ', ' Canello ', 'dni', 38407150, 'canellocyntia@gmail.com', '2901-566310', 'alem 2191', 1.0, '4338310006383465', true, 0);
INSERT INTO socio_servicio (socio_id, servicio_id) VALUES (229, 15.0);
INSERT INTO socio (id, nro, nombre, apellido, tipoDoc, numDoc, correo, telefono, domicilio, entidadcrediticia_id, tarjetaNum, activo, ctacte) VALUES (230, '1186', ' Santiago Jose ', ' Conde ', 'dni', 27589750, 'santiagojoseconde@gmail.com', '15654187', '12 de octubre 937', 1.0, '4338310010676334', true, 0);
INSERT INTO socio_servicio (socio_id, servicio_id) VALUES (230, 15.0);
INSERT INTO socio (id, nro, nombre, apellido, tipoDoc, numDoc, correo, telefono, domicilio, entidadcrediticia_id, tarjetaNum, activo, ctacte) VALUES (231, '1187', ' Laura ', ' Monzon ', 'dni', 32872152, 'lauracmonzon@gmail.com', '15470822', 'las margaritas 39', 1.0, '4249650000207519', true, 0);
INSERT INTO socio_servicio (socio_id, servicio_id) VALUES (231, 15.0);
INSERT INTO socio (id, nro, nombre, apellido, tipoDoc, numDoc, correo, telefono, domicilio, entidadcrediticia_id, tarjetaNum, activo, ctacte) VALUES (232, '1188', ' Maria Jorgelina ', ' Quiroga ', 'dni', 26790561, 'jorgelina_quiroga@hotmail.com', '15466999', 'hol hol 1161', 1.0, '4050710154366103', true, 0);
INSERT INTO socio_servicio (socio_id, servicio_id) VALUES (232, 15.0);
INSERT INTO socio (id, nro, nombre, apellido, tipoDoc, numDoc, correo, telefono, domicilio, entidadcrediticia_id, tarjetaNum, activo, ctacte) VALUES (233, '1189', ' Ruben ', ' Garcia Solano ', 'dni', 31473164, 'srg_18@hotmail.com', '2901536932', 'j m de rosas 157', 1.0, '4249653000076876', true, 0);
INSERT INTO socio_servicio (socio_id, servicio_id) VALUES (233, 15.0);
INSERT INTO socio (id, nro, nombre, apellido, tipoDoc, numDoc, correo, telefono, domicilio, entidadcrediticia_id, tarjetaNum, activo, ctacte) VALUES (234, '1190', ' Yolanda ', ' Vergara ', 'dni', 5699088, 'landyvet@gmail.com', '2901-609476', 'las gaviotas 1413', 1.0, '4555990018944010', true, 0);
INSERT INTO socio_servicio (socio_id, servicio_id) VALUES (234, 15.0);
INSERT INTO socio (id, nro, nombre, apellido, tipoDoc, numDoc, correo, telefono, domicilio, entidadcrediticia_id, tarjetaNum, activo, ctacte) VALUES (235, '1191', ' Juan Martin ', ' Villalba ', 'dni', 33314090, 'villalbamartin11@gmail.com', '15525329', 'peron sur 96', 1.0, '4540750045256491', true, 0);
INSERT INTO socio_servicio (socio_id, servicio_id) VALUES (235, 15.0);
INSERT INTO socio (id, nro, nombre, apellido, tipoDoc, numDoc, correo, telefono, domicilio, entidadcrediticia_id, tarjetaNum, activo, ctacte) VALUES (236, '1192', ' Bernardo ', ' Fulgenzi ', 'dni', 36592315, 'bernardo.fulgenzi@hotmail.com', '2901-485501', 'hipolito irigoyen 2407', 2.0, '5186640076112810', true, 0);
INSERT INTO socio_servicio (socio_id, servicio_id) VALUES (236, 15.0);
INSERT INTO socio (id, nro, nombre, apellido, tipoDoc, numDoc, correo, telefono, domicilio, entidadcrediticia_id, tarjetaNum, activo, ctacte) VALUES (237, '1193', ' Omar Hector ', ' Coria ', 'dni', 22206010, 'coria10@msn.com', '15468274', 'magallanes 844', 1.0, '4660578010078358', true, 0);
INSERT INTO socio_servicio (socio_id, servicio_id) VALUES (237, 15.0);
INSERT INTO socio (id, nro, nombre, apellido, tipoDoc, numDoc, correo, telefono, domicilio, entidadcrediticia_id, tarjetaNum, activo, ctacte) VALUES (238, '1194', ' Joaquin Andres ', ' Bernales Aguila ', 'dni', 26509097, 'bernalesjoaquin@gmail.com', '15466565', 'vicente canga 1843', 1.0, '4540738002490997', true, 0);
INSERT INTO socio_servicio (socio_id, servicio_id) VALUES (238, 15.0);
INSERT INTO socio (id, nro, nombre, apellido, tipoDoc, numDoc, correo, telefono, domicilio, entidadcrediticia_id, tarjetaNum, activo, ctacte) VALUES (239, '1195', ' Carlos Gustavo ', ' Oliva Gerli ', 'dni', 13782209, 'g.olivagerli@hotmail.com', '15608930', 'salvador dali 2038', 1.0, '4697718000136579', true, 0);
INSERT INTO socio_servicio (socio_id, servicio_id) VALUES (239, 15.0);
INSERT INTO socio (id, nro, nombre, apellido, tipoDoc, numDoc, correo, telefono, domicilio, entidadcrediticia_id, tarjetaNum, activo, ctacte) VALUES (240, '1196', ' Rodrigo A. ', ' Vazquez ', 'dni', 29780748, 'ravazq1970@gmail.com', '290115448556', 'cabo de hornos 4236', 1.0, '4249670000172356', true, 0);
INSERT INTO socio_servicio (socio_id, servicio_id) VALUES (240, 15.0);
INSERT INTO socio (id, nro, nombre, apellido, tipoDoc, numDoc, correo, telefono, domicilio, entidadcrediticia_id, tarjetaNum, activo, ctacte) VALUES (241, '1197', ' Abel Gerardo ', ' Sberna ', 'dni', 14653196, 'abelsberna_@hotmail.com', 'NULL', 'indios yamanas 860', 1.0, '4078650000035270', true, 0);
INSERT INTO socio_servicio (socio_id, servicio_id) VALUES (241, 15.0);
INSERT INTO socio (id, nro, nombre, apellido, tipoDoc, numDoc, correo, telefono, domicilio, entidadcrediticia_id, tarjetaNum, activo, ctacte) VALUES (242, '1198', ' Mario Raul ', ' Carro ', 'dni', 16132682, 'marioraulcarro@gmail.com', '15587137', 'deloqui 416 dt. 4', 1.0, '4875060000042414', true, 0);
INSERT INTO socio_servicio (socio_id, servicio_id) VALUES (242, 15.0);
INSERT INTO socio (id, nro, nombre, apellido, tipoDoc, numDoc, correo, telefono, domicilio, entidadcrediticia_id, tarjetaNum, activo, ctacte) VALUES (243, '1199', ' Nahim Ben ', ' Bichara ', 'dni', 24450772, 'llevame.+@gmail.com', '15603495', 'quiroga 1329 casa 2', 1.0, '4508430038340491', true, 0);
INSERT INTO socio_servicio (socio_id, servicio_id) VALUES (243, 15.0);
INSERT INTO socio (id, nro, nombre, apellido, tipoDoc, numDoc, correo, telefono, domicilio, entidadcrediticia_id, tarjetaNum, activo, ctacte) VALUES (244, '1200', ' Osvaldo Pablo ', ' Monteleone ', 'dni', 14548948, 'gasosvaldo@gmail.com', '15458421', 'las violetas 712', 1.0, '4029187510530102', true, 0);
INSERT INTO socio_servicio (socio_id, servicio_id) VALUES (244, 15.0);
INSERT INTO socio (id, nro, nombre, apellido, tipoDoc, numDoc, correo, telefono, domicilio, entidadcrediticia_id, tarjetaNum, activo, ctacte) VALUES (245, '1201', ' Sergio Omar ', ' Chauvie ', 'dni', 14827801, 'omarchau@yahoo.com.ar', '15604311', 'isla de a¿o nuevo 55 t 1 dto 16', 1.0, '4875060000027969', true, 0);
INSERT INTO socio_servicio (socio_id, servicio_id) VALUES (245, 15.0);
INSERT INTO socio (id, nro, nombre, apellido, tipoDoc, numDoc, correo, telefono, domicilio, entidadcrediticia_id, tarjetaNum, activo, ctacte) VALUES (246, '1202', ' Victor Manuel ', ' Valdes ', 'dni', 29495958, 'melisapelegrina25@gmail.com', '15505539', 'beauvoir 2154', NULL, 'NULL', true, 0);
INSERT INTO socio_servicio (socio_id, servicio_id) VALUES (246, 15.0);
INSERT INTO socio (id, nro, nombre, apellido, tipoDoc, numDoc, correo, telefono, domicilio, entidadcrediticia_id, tarjetaNum, activo, ctacte) VALUES (247, '1203', ' Silvina ', ' Henninger ', 'dni', 28008528, 'silush@gmail.com', '15508081', 'bahia packewaia 3651', 2.0, '5281742264701463', true, 0);
INSERT INTO socio_servicio (socio_id, servicio_id) VALUES (247, 15.0);
INSERT INTO socio (id, nro, nombre, apellido, tipoDoc, numDoc, correo, telefono, domicilio, entidadcrediticia_id, tarjetaNum, activo, ctacte) VALUES (248, '1204', ' Dante Ismael ', ' Baldi ', 'dni', 26456027, 'baldi.dante@gmail.com', '15467970', 'berni 4156', 1.0, '4875060000057909', true, 0);
INSERT INTO socio_servicio (socio_id, servicio_id) VALUES (248, 15.0);
INSERT INTO socio (id, nro, nombre, apellido, tipoDoc, numDoc, correo, telefono, domicilio, entidadcrediticia_id, tarjetaNum, activo, ctacte) VALUES (249, '1205', ' Teodoro Manuel ', ' Conde ', 'dni', 41873194, '  tmanuconde@gmail.com', '15525299', 'austral 2560', 1.0, '4338310012151540', true, 0);
INSERT INTO socio_servicio (socio_id, servicio_id) VALUES (249, 15.0);
INSERT INTO socio (id, nro, nombre, apellido, tipoDoc, numDoc, correo, telefono, domicilio, entidadcrediticia_id, tarjetaNum, activo, ctacte) VALUES (250, '1206', ' Eduardo ', ' Candino ', 'dni', 28401944, 'candinoeduardo@gmail.com', 'NULL', 'bahia margarita 3024', 1.0, '4304960034855429', true, 0);
INSERT INTO socio_servicio (socio_id, servicio_id) VALUES (250, 15.0);
INSERT INTO socio (id, nro, nombre, apellido, tipoDoc, numDoc, correo, telefono, domicilio, entidadcrediticia_id, tarjetaNum, activo, ctacte) VALUES (251, '1208', ' Damian ', ' Barreiro ', 'dni', 32454100, 'ushuaiaflyfishing@hotmail.com', '15419615', 'hipolito yrigoyen 1719 p baja dto 4', 1.0, '4078650000043100', true, 0);
INSERT INTO socio_servicio (socio_id, servicio_id) VALUES (251, 15.0);
INSERT INTO socio (id, nro, nombre, apellido, tipoDoc, numDoc, correo, telefono, domicilio, entidadcrediticia_id, tarjetaNum, activo, ctacte) VALUES (252, '1209', ' Gabriel Alejandro ', ' Avalos ', 'dni', 26119737, 'gabyu2@gmail.com', '15545300', 'qta.82 2³bajada valle de andorra', 1.0, '4593540002834778', true, 0);
INSERT INTO socio_servicio (socio_id, servicio_id) VALUES (252, 15.0);
INSERT INTO socio (id, nro, nombre, apellido, tipoDoc, numDoc, correo, telefono, domicilio, entidadcrediticia_id, tarjetaNum, activo, ctacte) VALUES (253, '1210', ' Rodolfo Antonio ', ' Ordoñez ', 'dni', 22512197, 'arqrodolfo72@gmail.com', '15618981', 'fortunato beban 584', 1.0, '4338310007265356', true, 0);
INSERT INTO socio_servicio (socio_id, servicio_id) VALUES (253, 15.0);
INSERT INTO socio (id, nro, nombre, apellido, tipoDoc, numDoc, correo, telefono, domicilio, entidadcrediticia_id, tarjetaNum, activo, ctacte) VALUES (254, '1211', ' Fernando Ariel ', ' Monges ', 'dni', 25429832, 'fernandoamonges@hotmail.com', '15643395', 'gomez 1070 dpto d', 1.0, '4338300011430336', true, 0);
INSERT INTO socio_servicio (socio_id, servicio_id) VALUES (254, 15.0);
INSERT INTO socio (id, nro, nombre, apellido, tipoDoc, numDoc, correo, telefono, domicilio, entidadcrediticia_id, tarjetaNum, activo, ctacte) VALUES (255, '1212', ' Romina Soledad ', ' Cuchi ', 'dni', 33688014, 'rominacuchi@hotmail.com', '15502056', 'quinquela martin 1670', 1.0, '4304960045012689', true, 0);
INSERT INTO socio_servicio (socio_id, servicio_id) VALUES (255, 15.0);
INSERT INTO socio (id, nro, nombre, apellido, tipoDoc, numDoc, correo, telefono, domicilio, entidadcrediticia_id, tarjetaNum, activo, ctacte) VALUES (256, '1213', ' Osvaldo Alberto ', ' Hillar ', 'dni', 16508675, 'ugm.osvaldo@hotmail.com', '15449031', 'e.vallejos103 puerto argentino malv', 2.0, '5360878084670092', true, 0);
INSERT INTO socio_servicio (socio_id, servicio_id) VALUES (256, 15.0);
INSERT INTO socio (id, nro, nombre, apellido, tipoDoc, numDoc, correo, telefono, domicilio, entidadcrediticia_id, tarjetaNum, activo, ctacte) VALUES (257, '1214', ' Marcela Ines ', ' Madera ', 'dni', 27580338, 'morocha.lilita@gmail.com', '15483491', '25 de mayo 484', 1.0, '4593540002328268', true, 0);
INSERT INTO socio_servicio (socio_id, servicio_id) VALUES (257, 15.0);
INSERT INTO socio (id, nro, nombre, apellido, tipoDoc, numDoc, correo, telefono, domicilio, entidadcrediticia_id, tarjetaNum, activo, ctacte) VALUES (258, '1215', ' Lucila Ayelen ', ' Erlan ', 'dni', 36232683, 'erlanayelen@gmail.com', '03512630046', 'terra australis 985 d 102 1³piso', 1.0, '4555990024565395', true, 0);
INSERT INTO socio_servicio (socio_id, servicio_id) VALUES (258, 15.0);
INSERT INTO socio (id, nro, nombre, apellido, tipoDoc, numDoc, correo, telefono, domicilio, entidadcrediticia_id, tarjetaNum, activo, ctacte) VALUES (259, '1216', ' Andres Oscar ', ' Ibarlucia ', 'dni', 18202664, 'ibarluciaa@gmail.com', '15458333', 'akainik 693', 2.0, '5505686642167402', true, 0);
INSERT INTO socio_servicio (socio_id, servicio_id) VALUES (259, 15.0);
INSERT INTO socio (id, nro, nombre, apellido, tipoDoc, numDoc, correo, telefono, domicilio, entidadcrediticia_id, tarjetaNum, activo, ctacte) VALUES (260, '1217', ' Nadia Ximena ', ' Velasquez Haro ', 'dni', 18861350, 'velasquezximena23@gmail.com', '15488646', 'pasaje los cauquenes 870', 1.0, '4304960042237040', true, 0);
INSERT INTO socio_servicio (socio_id, servicio_id) VALUES (260, 15.0);
INSERT INTO socio (id, nro, nombre, apellido, tipoDoc, numDoc, correo, telefono, domicilio, entidadcrediticia_id, tarjetaNum, activo, ctacte) VALUES (261, '1218', ' Marcelo Martin ', ' Fernandez ', 'dni', 22697809, 'marfe51@hotmail.com', '15512399', 'rivadavia 236', 1.0, '4704550001866404', true, 0);
INSERT INTO socio_servicio (socio_id, servicio_id) VALUES (261, 15.0);
INSERT INTO socio (id, nro, nombre, apellido, tipoDoc, numDoc, correo, telefono, domicilio, entidadcrediticia_id, tarjetaNum, activo, ctacte) VALUES (262, '1219', ' Eduardo Marcelo ', ' Naumovich ', 'dni', 21376620, 'mnaumovich@insumos-industriales.com', '15560902', 'las margaritas 364', 2.0, '5536380094681432', true, 0);
INSERT INTO socio_servicio (socio_id, servicio_id) VALUES (262, 15.0);
INSERT INTO socio (id, nro, nombre, apellido, tipoDoc, numDoc, correo, telefono, domicilio, entidadcrediticia_id, tarjetaNum, activo, ctacte) VALUES (263, '1220', ' Flavio Diego ', ' Cena ', 'dni', 23944283, 'flaviocn74@gmail.com', 'NULL', 'espana 1963 b³andorra.', 1.0, '4029180869366616', true, 0);
INSERT INTO socio_servicio (socio_id, servicio_id) VALUES (263, 15.0);
INSERT INTO socio (id, nro, nombre, apellido, tipoDoc, numDoc, correo, telefono, domicilio, entidadcrediticia_id, tarjetaNum, activo, ctacte) VALUES (264, '1221', ' Elba Sabrina ', ' Fernandez ', 'dni', 34487058, 'elbafer1989@gmail.com', '15548317', 'vera 2320', 1.0, '4249673000010469', true, 0);
INSERT INTO socio_servicio (socio_id, servicio_id) VALUES (264, 15.0);
INSERT INTO socio (id, nro, nombre, apellido, tipoDoc, numDoc, correo, telefono, domicilio, entidadcrediticia_id, tarjetaNum, activo, ctacte) VALUES (265, '1222', ' Hector Pedro ', ' Caballero ', 'dni', 30128660, 'pedrojudo83@gmail.com', '15566784', '640 viv t 13 dto a', NULL, 'NULL', true, 0);
INSERT INTO socio_servicio (socio_id, servicio_id) VALUES (265, 15.0);
INSERT INTO socio (id, nro, nombre, apellido, tipoDoc, numDoc, correo, telefono, domicilio, entidadcrediticia_id, tarjetaNum, activo, ctacte) VALUES (266, '1223', ' Miguel Angel del Valle ', ' Bustos ', 'dni', 14607485, 'miguel_b2013@hotmail.com', '15459556', 'bahia brown 4160', 1.0, '4540730046285384', true, 0);
INSERT INTO socio_servicio (socio_id, servicio_id) VALUES (266, 15.0);
INSERT INTO socio (id, nro, nombre, apellido, tipoDoc, numDoc, correo, telefono, domicilio, entidadcrediticia_id, tarjetaNum, activo, ctacte) VALUES (267, '1224', ' Tomas ', ' Chaves ', 'dni', 32768706, 'chaveta1987@gmail.com', '15529406', 'alem 3215', 1.0, '4697000003782869', true, 0);
INSERT INTO socio_servicio (socio_id, servicio_id) VALUES (267, 15.0);
INSERT INTO socio (id, nro, nombre, apellido, tipoDoc, numDoc, correo, telefono, domicilio, entidadcrediticia_id, tarjetaNum, activo, ctacte) VALUES (268, '1225', ' Cristian Dario ', ' Iñigo ', 'dni', 22877983, 'dariocush@hotmail.com', 'NULL', 'francisco torres 1920', 1.0, '4875060000043834', true, 0);
INSERT INTO socio_servicio (socio_id, servicio_id) VALUES (268, 15.0);
INSERT INTO socio (id, nro, nombre, apellido, tipoDoc, numDoc, correo, telefono, domicilio, entidadcrediticia_id, tarjetaNum, activo, ctacte) VALUES (269, '1227', ' Jorge Osvaldo ', ' Oviedo ', 'dni', 17184566, 'argotsa@hotmail.com', '15459868', 'bahia san sebastian 3516  b³pipo', 1.0, '4593540007130560', true, 0);
INSERT INTO socio_servicio (socio_id, servicio_id) VALUES (269, 15.0);
INSERT INTO socio (id, nro, nombre, apellido, tipoDoc, numDoc, correo, telefono, domicilio, entidadcrediticia_id, tarjetaNum, activo, ctacte) VALUES (270, '1228', ' Sergio Dario ', ' Maciel ', 'dni', 36565337, 'dario.maciel.91@gmail.com', '15562880', 'congreso nacional 867', 1.0, '4540730042424128', true, 0);
INSERT INTO socio_servicio (socio_id, servicio_id) VALUES (270, 15.0);
INSERT INTO socio (id, nro, nombre, apellido, tipoDoc, numDoc, correo, telefono, domicilio, entidadcrediticia_id, tarjetaNum, activo, ctacte) VALUES (271, '1229', ' Rodrigo Omar ', ' Arias ', 'dni', 35162395, 'rodrioarias@gmail.com', '15490698', 'monsenior scriva 1956', 1.0, '4249670000170764', true, 0);
INSERT INTO socio_servicio (socio_id, servicio_id) VALUES (271, 15.0);
INSERT INTO socio (id, nro, nombre, apellido, tipoDoc, numDoc, correo, telefono, domicilio, entidadcrediticia_id, tarjetaNum, activo, ctacte) VALUES (272, '1230', ' Jorge Alejandro ', ' Molina Bahamonde ', 'dni', 34191723, 'cesardavidmolina2006@gmail.com', '15615651', 'los cauquenes 1489 dto 1', 1.0, '4660570129403874', true, 0);
INSERT INTO socio_servicio (socio_id, servicio_id) VALUES (272, 15.0);
INSERT INTO socio (id, nro, nombre, apellido, tipoDoc, numDoc, correo, telefono, domicilio, entidadcrediticia_id, tarjetaNum, activo, ctacte) VALUES (273, '1231', ' Mario ', ' Vinet ', 'dni', 14530264, 'maritovinet22@gmail.com', '15655582', 'mons. scriva 1650', 2.0, '5597980032877806', true, 0);
INSERT INTO socio_servicio (socio_id, servicio_id) VALUES (273, 15.0);
INSERT INTO socio (id, nro, nombre, apellido, tipoDoc, numDoc, correo, telefono, domicilio, entidadcrediticia_id, tarjetaNum, activo, ctacte) VALUES (274, '1232', ' Alfredo R. ', ' Gomez ', 'dni', 16366646, 'jainenmendoza@gmail.com', 'NULL', 'godoy 333', 1.0, '4249670000106768', true, 0);
INSERT INTO socio_servicio (socio_id, servicio_id) VALUES (274, 15.0);
INSERT INTO socio (id, nro, nombre, apellido, tipoDoc, numDoc, correo, telefono, domicilio, entidadcrediticia_id, tarjetaNum, activo, ctacte) VALUES (275, '1233', ' Marcos Octavio ', ' Hudecek ', 'dni', 22295475, 'hudecekm@hotmail.com', 'NULL', '11 de septiembre 4687', 1.0, '4660570124061479', true, 0);
INSERT INTO socio_servicio (socio_id, servicio_id) VALUES (275, 15.0);
INSERT INTO socio (id, nro, nombre, apellido, tipoDoc, numDoc, correo, telefono, domicilio, entidadcrediticia_id, tarjetaNum, activo, ctacte) VALUES (276, '1234', ' Francisco Imanol ', ' Conde ', 'dni', 42676688, 'franconde45@gmail.com', '15657546', 'retamar 1280', 1.0, '4546400075282736', true, 0);
INSERT INTO socio_servicio (socio_id, servicio_id) VALUES (276, 15.0);
INSERT INTO socio (id, nro, nombre, apellido, tipoDoc, numDoc, correo, telefono, domicilio, entidadcrediticia_id, tarjetaNum, activo, ctacte) VALUES (277, '1235', ' Pablo Victor ', ' Perachia ', 'dni', 14665679, 'perachiap@gmail.com', '15657825', 'islas del atlantico sur 1875', 1.0, '4720390000468443', true, 0);
INSERT INTO socio_servicio (socio_id, servicio_id) VALUES (277, 15.0);
INSERT INTO socio (id, nro, nombre, apellido, tipoDoc, numDoc, correo, telefono, domicilio, entidadcrediticia_id, tarjetaNum, activo, ctacte) VALUES (278, '1236', ' Cristian Daniel ', ' Nogues ', 'dni', 35357249, 'cristian_nogues_20tw@hotmail.com', '0280154257457', 'guardacosta rio iguazu 693', 1.0, '4249670000175383', true, 0);
INSERT INTO socio_servicio (socio_id, servicio_id) VALUES (278, 15.0);
INSERT INTO socio (id, nro, nombre, apellido, tipoDoc, numDoc, correo, telefono, domicilio, entidadcrediticia_id, tarjetaNum, activo, ctacte) VALUES (279, '1237', ' Roberto Daniel ', ' Lopez ', 'dni', 16305519, 'lopezrobertodaniel@hotmail.com', 'NULL', 'malvinas argentinas 74', 1.0, '4660578010543096', true, 0);
INSERT INTO socio_servicio (socio_id, servicio_id) VALUES (279, 15.0);
INSERT INTO socio (id, nro, nombre, apellido, tipoDoc, numDoc, correo, telefono, domicilio, entidadcrediticia_id, tarjetaNum, activo, ctacte) VALUES (280, '1238', ' Roberto Marcelo ', ' Machain ', 'dni', 23132559, 'marcelomachain@hotmail.com', '0247715518000', 'tucuman 4427', 1.0, '4078650000065806', true, 0);
INSERT INTO socio_servicio (socio_id, servicio_id) VALUES (280, 15.0);
INSERT INTO socio (id, nro, nombre, apellido, tipoDoc, numDoc, correo, telefono, domicilio, entidadcrediticia_id, tarjetaNum, activo, ctacte) VALUES (281, '1239', ' Diego Armando ', ' Antolini ', 'dni', 22706129, 'diantoli@yahoo.com.ar', 'NULL', 'del recodo 2032', 1.0, '4654030001658432', true, 0);
INSERT INTO socio_servicio (socio_id, servicio_id) VALUES (281, 15.0);
INSERT INTO socio (id, nro, nombre, apellido, tipoDoc, numDoc, correo, telefono, domicilio, entidadcrediticia_id, tarjetaNum, activo, ctacte) VALUES (282, '1240', ' Cristian Sebastian ', ' Lavia ', 'dni', 28728232, 'cristianlavia96@gmail.com', 'NULL', 'cafrune 356', NULL, 'NULL', true, 0);
INSERT INTO socio_servicio (socio_id, servicio_id) VALUES (282, 15.0);
INSERT INTO socio (id, nro, nombre, apellido, tipoDoc, numDoc, correo, telefono, domicilio, entidadcrediticia_id, tarjetaNum, activo, ctacte) VALUES (283, '1241', ' Roberto ', ' Aviles Valdebenito ', 'dni', 27841207, 'rober_c22@hotmail.com', 'NULL', 'luis vernet 1937', 1.0, '4555990008231410', true, 0);
INSERT INTO socio_servicio (socio_id, servicio_id) VALUES (283, 15.0);
INSERT INTO socio (id, nro, nombre, apellido, tipoDoc, numDoc, correo, telefono, domicilio, entidadcrediticia_id, tarjetaNum, activo, ctacte) VALUES (284, '1242', ' Marcos ', ' Salas Cabot ', 'dni', 34771725, 'marcossalascabot@gmail.com', '15550757', 'escaladores del susana 3969', NULL, 'NULL', true, 0);
INSERT INTO socio_servicio (socio_id, servicio_id) VALUES (284, 15.0);
INSERT INTO socio (id, nro, nombre, apellido, tipoDoc, numDoc, correo, telefono, domicilio, entidadcrediticia_id, tarjetaNum, activo, ctacte) VALUES (285, '1243', ' Matias ', ' Delfitto ', 'dni', 33171996, 'delfinavuoto@hotmail.com', '15497788', 'lugones 1977 dto 6', NULL, 'NULL', true, 0);
INSERT INTO socio_servicio (socio_id, servicio_id) VALUES (285, 15.0);
INSERT INTO socio (id, nro, nombre, apellido, tipoDoc, numDoc, correo, telefono, domicilio, entidadcrediticia_id, tarjetaNum, activo, ctacte) VALUES (286, '1244', ' Luis Alberto ', ' Colombo ', 'dni', 14269090, 'lacolombo@hotmail.com', 'NULL', 'de la luna 787', 1.0, '4593540005036587', true, 0);
INSERT INTO socio_servicio (socio_id, servicio_id) VALUES (286, 15.0);
INSERT INTO socio (id, nro, nombre, apellido, tipoDoc, numDoc, correo, telefono, domicilio, entidadcrediticia_id, tarjetaNum, activo, ctacte) VALUES (287, '1245', ' Eduardo Nicolas ', ' Gonzalez ', 'dni', 27580460, 'edush364@gmail.com', '15605258', 'kuanip 364', 1.0, '4540730020420171', true, 0);
INSERT INTO socio_servicio (socio_id, servicio_id) VALUES (287, 15.0);
INSERT INTO socio (id, nro, nombre, apellido, tipoDoc, numDoc, correo, telefono, domicilio, entidadcrediticia_id, tarjetaNum, activo, ctacte) VALUES (288, '1246', ' Tito Eraldo ', ' Ojeda Gomez ', 'dni', 16711390, 'ojedagomeztito@gmail.com', '15617094', 'a henrique 775 b³ los calafates', 1.0, '4555990003536151', true, 0);
INSERT INTO socio_servicio (socio_id, servicio_id) VALUES (288, 15.0);
INSERT INTO socio (id, nro, nombre, apellido, tipoDoc, numDoc, correo, telefono, domicilio, entidadcrediticia_id, tarjetaNum, activo, ctacte) VALUES (289, '1247', ' Santiago Nicolas ', ' Fagundez Jonjic ', 'dni', 26185474, 'atvushuaia@hotmail.com', '15470831', 'marcos zar 662', 2.0, '5276010018631148', true, 0);
INSERT INTO socio_servicio (socio_id, servicio_id) VALUES (289, 15.0);
INSERT INTO socio (id, nro, nombre, apellido, tipoDoc, numDoc, correo, telefono, domicilio, entidadcrediticia_id, tarjetaNum, activo, ctacte) VALUES (290, '1248', ' Claudia Daiana ', ' Sotelo ', 'dni', 34113973, 'daisotelo@outlook.com', '15488617', 'calcuta 1296', 1.0, '4338310011768114', true, 0);
INSERT INTO socio_servicio (socio_id, servicio_id) VALUES (290, 15.0);
ALTER SEQUENCE socio_seq RESTART WITH 291;
INSERT INTO registro (id, socio_id, fecha, tipo, motivo) VALUES(0, 1, '2024-10-31', 'ALTA', 'Inscripción inicial');
INSERT INTO registro (id, socio_id, fecha, tipo, motivo) VALUES(1, 2, '2012-04-18', 'ALTA', 'Inscripción inicial');
INSERT INTO registro (id, socio_id, fecha, tipo, motivo) VALUES(2, 3, '2021-03-30', 'ALTA', 'Inscripción inicial');
INSERT INTO registro (id, socio_id, fecha, tipo, motivo) VALUES(3, 4, '2021-08-11', 'ALTA', 'Inscripción inicial');
INSERT INTO registro (id, socio_id, fecha, tipo, motivo) VALUES(4, 5, '2022-02-10', 'ALTA', 'Inscripción inicial');
INSERT INTO registro (id, socio_id, fecha, tipo, motivo) VALUES(5, 6, '2022-04-22', 'ALTA', 'Inscripción inicial');
INSERT INTO registro (id, socio_id, fecha, tipo, motivo) VALUES(6, 7, '2022-10-18', 'ALTA', 'Inscripción inicial');
INSERT INTO registro (id, socio_id, fecha, tipo, motivo) VALUES(7, 8, '2063-09-01', 'ALTA', 'Inscripción inicial');
INSERT INTO registro (id, socio_id, fecha, tipo, motivo) VALUES(8, 9, '2067-10-09', 'ALTA', 'Inscripción inicial');
INSERT INTO registro (id, socio_id, fecha, tipo, motivo) VALUES(9, 10, '1969-09-12', 'ALTA', 'Inscripción inicial');
INSERT INTO registro (id, socio_id, fecha, tipo, motivo) VALUES(10, 11, '1984-11-15', 'ALTA', 'Inscripción inicial');
INSERT INTO registro (id, socio_id, fecha, tipo, motivo) VALUES(11, 12, '1989-05-01', 'ALTA', 'Inscripción inicial');
INSERT INTO registro (id, socio_id, fecha, tipo, motivo) VALUES(12, 13, '1989-11-01', 'ALTA', 'Inscripción inicial');
INSERT INTO registro (id, socio_id, fecha, tipo, motivo) VALUES(13, 14, '1996-08-01', 'ALTA', 'Inscripción inicial');
INSERT INTO registro (id, socio_id, fecha, tipo, motivo) VALUES(14, 15, '1987-12-04', 'ALTA', 'Inscripción inicial');
INSERT INTO registro (id, socio_id, fecha, tipo, motivo) VALUES(15, 16, '1989-05-03', 'ALTA', 'Inscripción inicial');
INSERT INTO registro (id, socio_id, fecha, tipo, motivo) VALUES(16, 17, '1989-08-01', 'ALTA', 'Inscripción inicial');
INSERT INTO registro (id, socio_id, fecha, tipo, motivo) VALUES(17, 18, '1989-07-18', 'ALTA', 'Inscripción inicial');
INSERT INTO registro (id, socio_id, fecha, tipo, motivo) VALUES(18, 19, '1989-08-03', 'ALTA', 'Inscripción inicial');
INSERT INTO registro (id, socio_id, fecha, tipo, motivo) VALUES(19, 20, '1989-08-14', 'ALTA', 'Inscripción inicial');
INSERT INTO registro (id, socio_id, fecha, tipo, motivo) VALUES(20, 21, '1989-08-30', 'ALTA', 'Inscripción inicial');
INSERT INTO registro (id, socio_id, fecha, tipo, motivo) VALUES(21, 22, '1990-07-25', 'ALTA', 'Inscripción inicial');
INSERT INTO registro (id, socio_id, fecha, tipo, motivo) VALUES(22, 23, '1992-06-05', 'ALTA', 'Inscripción inicial');
INSERT INTO registro (id, socio_id, fecha, tipo, motivo) VALUES(23, 24, '1990-04-18', 'ALTA', 'Inscripción inicial');
INSERT INTO registro (id, socio_id, fecha, tipo, motivo) VALUES(24, 25, '1992-07-02', 'ALTA', 'Inscripción inicial');
INSERT INTO registro (id, socio_id, fecha, tipo, motivo) VALUES(25, 26, '1992-08-31', 'ALTA', 'Inscripción inicial');
INSERT INTO registro (id, socio_id, fecha, tipo, motivo) VALUES(26, 27, '1995-09-06', 'ALTA', 'Inscripción inicial');
INSERT INTO registro (id, socio_id, fecha, tipo, motivo) VALUES(27, 28, '1997-08-13', 'ALTA', 'Inscripción inicial');
INSERT INTO registro (id, socio_id, fecha, tipo, motivo) VALUES(28, 29, '1997-08-13', 'ALTA', 'Inscripción inicial');
INSERT INTO registro (id, socio_id, fecha, tipo, motivo) VALUES(29, 30, '1997-10-20', 'ALTA', 'Inscripción inicial');
INSERT INTO registro (id, socio_id, fecha, tipo, motivo) VALUES(30, 31, '1998-03-01', 'ALTA', 'Inscripción inicial');
INSERT INTO registro (id, socio_id, fecha, tipo, motivo) VALUES(31, 32, '1998-10-28', 'ALTA', 'Inscripción inicial');
INSERT INTO registro (id, socio_id, fecha, tipo, motivo) VALUES(32, 33, '1998-11-11', 'ALTA', 'Inscripción inicial');
INSERT INTO registro (id, socio_id, fecha, tipo, motivo) VALUES(33, 34, '1999-05-19', 'ALTA', 'Inscripción inicial');
INSERT INTO registro (id, socio_id, fecha, tipo, motivo) VALUES(34, 35, '2000-02-07', 'ALTA', 'Inscripción inicial');
INSERT INTO registro (id, socio_id, fecha, tipo, motivo) VALUES(35, 36, '1999-11-03', 'ALTA', 'Inscripción inicial');
INSERT INTO registro (id, socio_id, fecha, tipo, motivo) VALUES(36, 37, '1999-11-03', 'ALTA', 'Inscripción inicial');
INSERT INTO registro (id, socio_id, fecha, tipo, motivo) VALUES(37, 38, '1999-11-17', 'ALTA', 'Inscripción inicial');
INSERT INTO registro (id, socio_id, fecha, tipo, motivo) VALUES(38, 39, '2000-01-05', 'ALTA', 'Inscripción inicial');
INSERT INTO registro (id, socio_id, fecha, tipo, motivo) VALUES(39, 40, '2000-11-08', 'ALTA', 'Inscripción inicial');
INSERT INTO registro (id, socio_id, fecha, tipo, motivo) VALUES(40, 41, '2000-11-29', 'ALTA', 'Inscripción inicial');
INSERT INTO registro (id, socio_id, fecha, tipo, motivo) VALUES(41, 42, '2059-07-10', 'ALTA', 'Inscripción inicial');
INSERT INTO registro (id, socio_id, fecha, tipo, motivo) VALUES(42, 43, '2001-02-07', 'ALTA', 'Inscripción inicial');
INSERT INTO registro (id, socio_id, fecha, tipo, motivo) VALUES(43, 44, '2001-02-07', 'ALTA', 'Inscripción inicial');
INSERT INTO registro (id, socio_id, fecha, tipo, motivo) VALUES(44, 45, '2001-06-13', 'ALTA', 'Inscripción inicial');
INSERT INTO registro (id, socio_id, fecha, tipo, motivo) VALUES(45, 46, '2001-06-20', 'ALTA', 'Inscripción inicial');
INSERT INTO registro (id, socio_id, fecha, tipo, motivo) VALUES(46, 47, '2001-07-27', 'ALTA', 'Inscripción inicial');
INSERT INTO registro (id, socio_id, fecha, tipo, motivo) VALUES(47, 48, '2001-10-17', 'ALTA', 'Inscripción inicial');
INSERT INTO registro (id, socio_id, fecha, tipo, motivo) VALUES(48, 49, '2001-10-17', 'ALTA', 'Inscripción inicial');
INSERT INTO registro (id, socio_id, fecha, tipo, motivo) VALUES(49, 50, '2001-09-17', 'ALTA', 'Inscripción inicial');
INSERT INTO registro (id, socio_id, fecha, tipo, motivo) VALUES(50, 51, '2001-11-17', 'ALTA', 'Inscripción inicial');
INSERT INTO registro (id, socio_id, fecha, tipo, motivo) VALUES(51, 52, '2002-01-01', 'ALTA', 'Inscripción inicial');
INSERT INTO registro (id, socio_id, fecha, tipo, motivo) VALUES(52, 53, '2002-02-13', 'ALTA', 'Inscripción inicial');
INSERT INTO registro (id, socio_id, fecha, tipo, motivo) VALUES(53, 54, '2002-04-14', 'ALTA', 'Inscripción inicial');
INSERT INTO registro (id, socio_id, fecha, tipo, motivo) VALUES(54, 55, '2002-04-17', 'ALTA', 'Inscripción inicial');
INSERT INTO registro (id, socio_id, fecha, tipo, motivo) VALUES(55, 56, '2002-04-20', 'ALTA', 'Inscripción inicial');
INSERT INTO registro (id, socio_id, fecha, tipo, motivo) VALUES(56, 57, '2002-09-25', 'ALTA', 'Inscripción inicial');
INSERT INTO registro (id, socio_id, fecha, tipo, motivo) VALUES(57, 58, '2002-09-25', 'ALTA', 'Inscripción inicial');
INSERT INTO registro (id, socio_id, fecha, tipo, motivo) VALUES(58, 59, '2002-10-30', 'ALTA', 'Inscripción inicial');
INSERT INTO registro (id, socio_id, fecha, tipo, motivo) VALUES(59, 60, '2002-10-30', 'ALTA', 'Inscripción inicial');
INSERT INTO registro (id, socio_id, fecha, tipo, motivo) VALUES(60, 61, '2002-06-15', 'ALTA', 'Inscripción inicial');
INSERT INTO registro (id, socio_id, fecha, tipo, motivo) VALUES(61, 62, '2002-11-21', 'ALTA', 'Inscripción inicial');
INSERT INTO registro (id, socio_id, fecha, tipo, motivo) VALUES(62, 63, '2003-01-08', 'ALTA', 'Inscripción inicial');
INSERT INTO registro (id, socio_id, fecha, tipo, motivo) VALUES(63, 64, '2003-01-08', 'ALTA', 'Inscripción inicial');
INSERT INTO registro (id, socio_id, fecha, tipo, motivo) VALUES(64, 65, '2003-02-17', 'ALTA', 'Inscripción inicial');
INSERT INTO registro (id, socio_id, fecha, tipo, motivo) VALUES(65, 66, '2003-03-15', 'ALTA', 'Inscripción inicial');
INSERT INTO registro (id, socio_id, fecha, tipo, motivo) VALUES(66, 67, '2003-06-04', 'ALTA', 'Inscripción inicial');
INSERT INTO registro (id, socio_id, fecha, tipo, motivo) VALUES(67, 68, '2003-03-21', 'ALTA', 'Inscripción inicial');
INSERT INTO registro (id, socio_id, fecha, tipo, motivo) VALUES(68, 69, '2003-11-25', 'ALTA', 'Inscripción inicial');
INSERT INTO registro (id, socio_id, fecha, tipo, motivo) VALUES(69, 70, '2004-01-12', 'ALTA', 'Inscripción inicial');
INSERT INTO registro (id, socio_id, fecha, tipo, motivo) VALUES(70, 71, '2003-11-16', 'ALTA', 'Inscripción inicial');
INSERT INTO registro (id, socio_id, fecha, tipo, motivo) VALUES(71, 72, '2004-02-25', 'ALTA', 'Inscripción inicial');
INSERT INTO registro (id, socio_id, fecha, tipo, motivo) VALUES(72, 73, '2004-06-16', 'ALTA', 'Inscripción inicial');
INSERT INTO registro (id, socio_id, fecha, tipo, motivo) VALUES(73, 74, '2004-06-16', 'ALTA', 'Inscripción inicial');
INSERT INTO registro (id, socio_id, fecha, tipo, motivo) VALUES(74, 75, '2004-09-22', 'ALTA', 'Inscripción inicial');
INSERT INTO registro (id, socio_id, fecha, tipo, motivo) VALUES(75, 76, '2004-11-08', 'ALTA', 'Inscripción inicial');
INSERT INTO registro (id, socio_id, fecha, tipo, motivo) VALUES(76, 77, '2004-11-08', 'ALTA', 'Inscripción inicial');
INSERT INTO registro (id, socio_id, fecha, tipo, motivo) VALUES(77, 78, '2004-11-08', 'ALTA', 'Inscripción inicial');
INSERT INTO registro (id, socio_id, fecha, tipo, motivo) VALUES(78, 79, '2004-11-08', 'ALTA', 'Inscripción inicial');
INSERT INTO registro (id, socio_id, fecha, tipo, motivo) VALUES(79, 80, '2004-11-19', 'ALTA', 'Inscripción inicial');
INSERT INTO registro (id, socio_id, fecha, tipo, motivo) VALUES(80, 81, '2004-12-01', 'ALTA', 'Inscripción inicial');
INSERT INTO registro (id, socio_id, fecha, tipo, motivo) VALUES(81, 82, '2005-02-01', 'ALTA', 'Inscripción inicial');
INSERT INTO registro (id, socio_id, fecha, tipo, motivo) VALUES(82, 83, '2005-05-23', 'ALTA', 'Inscripción inicial');
INSERT INTO registro (id, socio_id, fecha, tipo, motivo) VALUES(83, 84, '2005-02-03', 'ALTA', 'Inscripción inicial');
INSERT INTO registro (id, socio_id, fecha, tipo, motivo) VALUES(84, 85, '2005-11-09', 'ALTA', 'Inscripción inicial');
INSERT INTO registro (id, socio_id, fecha, tipo, motivo) VALUES(85, 86, '2006-03-29', 'ALTA', 'Inscripción inicial');
INSERT INTO registro (id, socio_id, fecha, tipo, motivo) VALUES(86, 87, '2006-07-26', 'ALTA', 'Inscripción inicial');
INSERT INTO registro (id, socio_id, fecha, tipo, motivo) VALUES(87, 88, '2006-07-26', 'ALTA', 'Inscripción inicial');
INSERT INTO registro (id, socio_id, fecha, tipo, motivo) VALUES(88, 89, '2006-11-01', 'ALTA', 'Inscripción inicial');
INSERT INTO registro (id, socio_id, fecha, tipo, motivo) VALUES(89, 90, '2006-11-15', 'ALTA', 'Inscripción inicial');
INSERT INTO registro (id, socio_id, fecha, tipo, motivo) VALUES(90, 91, '2006-11-15', 'ALTA', 'Inscripción inicial');
INSERT INTO registro (id, socio_id, fecha, tipo, motivo) VALUES(91, 92, '2006-12-21', 'ALTA', 'Inscripción inicial');
INSERT INTO registro (id, socio_id, fecha, tipo, motivo) VALUES(92, 93, '2007-04-25', 'ALTA', 'Inscripción inicial');
INSERT INTO registro (id, socio_id, fecha, tipo, motivo) VALUES(93, 94, '2007-11-07', 'ALTA', 'Inscripción inicial');
INSERT INTO registro (id, socio_id, fecha, tipo, motivo) VALUES(94, 95, '2007-12-13', 'ALTA', 'Inscripción inicial');
INSERT INTO registro (id, socio_id, fecha, tipo, motivo) VALUES(95, 96, '2008-02-13', 'ALTA', 'Inscripción inicial');
INSERT INTO registro (id, socio_id, fecha, tipo, motivo) VALUES(96, 97, '2008-02-13', 'ALTA', 'Inscripción inicial');
INSERT INTO registro (id, socio_id, fecha, tipo, motivo) VALUES(97, 98, '2008-05-08', 'ALTA', 'Inscripción inicial');
INSERT INTO registro (id, socio_id, fecha, tipo, motivo) VALUES(98, 99, '2008-09-24', 'ALTA', 'Inscripción inicial');
INSERT INTO registro (id, socio_id, fecha, tipo, motivo) VALUES(99, 100, '2008-11-01', 'ALTA', 'Inscripción inicial');
INSERT INTO registro (id, socio_id, fecha, tipo, motivo) VALUES(100, 101, '2008-11-10', 'ALTA', 'Inscripción inicial');
INSERT INTO registro (id, socio_id, fecha, tipo, motivo) VALUES(101, 102, '2008-12-11', 'ALTA', 'Inscripción inicial');
INSERT INTO registro (id, socio_id, fecha, tipo, motivo) VALUES(102, 103, '2008-12-10', 'ALTA', 'Inscripción inicial');
INSERT INTO registro (id, socio_id, fecha, tipo, motivo) VALUES(103, 104, '2008-12-10', 'ALTA', 'Inscripción inicial');
INSERT INTO registro (id, socio_id, fecha, tipo, motivo) VALUES(104, 105, '2008-12-10', 'ALTA', 'Inscripción inicial');
INSERT INTO registro (id, socio_id, fecha, tipo, motivo) VALUES(105, 106, '2009-03-06', 'ALTA', 'Inscripción inicial');
INSERT INTO registro (id, socio_id, fecha, tipo, motivo) VALUES(106, 107, '2009-03-09', 'ALTA', 'Inscripción inicial');
INSERT INTO registro (id, socio_id, fecha, tipo, motivo) VALUES(107, 108, '2009-03-13', 'ALTA', 'Inscripción inicial');
INSERT INTO registro (id, socio_id, fecha, tipo, motivo) VALUES(108, 109, '2009-10-01', 'ALTA', 'Inscripción inicial');
INSERT INTO registro (id, socio_id, fecha, tipo, motivo) VALUES(109, 110, '2009-10-01', 'ALTA', 'Inscripción inicial');
INSERT INTO registro (id, socio_id, fecha, tipo, motivo) VALUES(110, 111, '2009-10-01', 'ALTA', 'Inscripción inicial');
INSERT INTO registro (id, socio_id, fecha, tipo, motivo) VALUES(111, 112, '2009-09-01', 'ALTA', 'Inscripción inicial');
INSERT INTO registro (id, socio_id, fecha, tipo, motivo) VALUES(112, 113, '2009-12-01', 'ALTA', 'Inscripción inicial');
INSERT INTO registro (id, socio_id, fecha, tipo, motivo) VALUES(113, 114, '2009-12-01', 'ALTA', 'Inscripción inicial');
INSERT INTO registro (id, socio_id, fecha, tipo, motivo) VALUES(114, 115, '2009-04-23', 'ALTA', 'Inscripción inicial');
INSERT INTO registro (id, socio_id, fecha, tipo, motivo) VALUES(115, 116, '2011-11-30', 'ALTA', 'Inscripción inicial');
INSERT INTO registro (id, socio_id, fecha, tipo, motivo) VALUES(116, 117, '2011-11-30', 'ALTA', 'Inscripción inicial');
INSERT INTO registro (id, socio_id, fecha, tipo, motivo) VALUES(117, 118, '2011-11-30', 'ALTA', 'Inscripción inicial');
INSERT INTO registro (id, socio_id, fecha, tipo, motivo) VALUES(118, 119, '2011-11-30', 'ALTA', 'Inscripción inicial');
INSERT INTO registro (id, socio_id, fecha, tipo, motivo) VALUES(119, 120, '2011-11-30', 'ALTA', 'Inscripción inicial');
INSERT INTO registro (id, socio_id, fecha, tipo, motivo) VALUES(120, 121, '2011-12-16', 'ALTA', 'Inscripción inicial');
INSERT INTO registro (id, socio_id, fecha, tipo, motivo) VALUES(121, 122, '2011-12-16', 'ALTA', 'Inscripción inicial');
INSERT INTO registro (id, socio_id, fecha, tipo, motivo) VALUES(122, 123, '2011-12-16', 'ALTA', 'Inscripción inicial');
INSERT INTO registro (id, socio_id, fecha, tipo, motivo) VALUES(123, 124, '2011-12-16', 'ALTA', 'Inscripción inicial');
INSERT INTO registro (id, socio_id, fecha, tipo, motivo) VALUES(124, 125, '2011-12-16', 'ALTA', 'Inscripción inicial');
INSERT INTO registro (id, socio_id, fecha, tipo, motivo) VALUES(125, 126, '2011-12-16', 'ALTA', 'Inscripción inicial');
INSERT INTO registro (id, socio_id, fecha, tipo, motivo) VALUES(126, 127, '2011-12-16', 'ALTA', 'Inscripción inicial');
INSERT INTO registro (id, socio_id, fecha, tipo, motivo) VALUES(127, 128, '2011-12-16', 'ALTA', 'Inscripción inicial');
INSERT INTO registro (id, socio_id, fecha, tipo, motivo) VALUES(128, 129, '2011-12-16', 'ALTA', 'Inscripción inicial');
INSERT INTO registro (id, socio_id, fecha, tipo, motivo) VALUES(129, 130, '2011-12-16', 'ALTA', 'Inscripción inicial');
INSERT INTO registro (id, socio_id, fecha, tipo, motivo) VALUES(130, 131, '2011-12-16', 'ALTA', 'Inscripción inicial');
INSERT INTO registro (id, socio_id, fecha, tipo, motivo) VALUES(131, 132, '2012-05-21', 'ALTA', 'Inscripción inicial');
INSERT INTO registro (id, socio_id, fecha, tipo, motivo) VALUES(132, 133, '2012-09-03', 'ALTA', 'Inscripción inicial');
INSERT INTO registro (id, socio_id, fecha, tipo, motivo) VALUES(133, 134, '2012-10-15', 'ALTA', 'Inscripción inicial');
INSERT INTO registro (id, socio_id, fecha, tipo, motivo) VALUES(134, 135, '2012-10-18', 'ALTA', 'Inscripción inicial');
INSERT INTO registro (id, socio_id, fecha, tipo, motivo) VALUES(135, 136, '2012-10-18', 'ALTA', 'Inscripción inicial');
INSERT INTO registro (id, socio_id, fecha, tipo, motivo) VALUES(136, 137, '2012-10-18', 'ALTA', 'Inscripción inicial');
INSERT INTO registro (id, socio_id, fecha, tipo, motivo) VALUES(137, 138, '2013-03-14', 'ALTA', 'Inscripción inicial');
INSERT INTO registro (id, socio_id, fecha, tipo, motivo) VALUES(138, 139, '2013-03-20', 'ALTA', 'Inscripción inicial');
INSERT INTO registro (id, socio_id, fecha, tipo, motivo) VALUES(139, 140, '2013-04-03', 'ALTA', 'Inscripción inicial');
INSERT INTO registro (id, socio_id, fecha, tipo, motivo) VALUES(140, 141, '2013-05-07', 'ALTA', 'Inscripción inicial');
INSERT INTO registro (id, socio_id, fecha, tipo, motivo) VALUES(141, 142, '2013-06-19', 'ALTA', 'Inscripción inicial');
INSERT INTO registro (id, socio_id, fecha, tipo, motivo) VALUES(142, 143, '2013-11-06', 'ALTA', 'Inscripción inicial');
INSERT INTO registro (id, socio_id, fecha, tipo, motivo) VALUES(143, 144, '2013-11-12', 'ALTA', 'Inscripción inicial');
INSERT INTO registro (id, socio_id, fecha, tipo, motivo) VALUES(144, 145, '2013-12-05', 'ALTA', 'Inscripción inicial');
INSERT INTO registro (id, socio_id, fecha, tipo, motivo) VALUES(145, 146, '2013-12-05', 'ALTA', 'Inscripción inicial');
INSERT INTO registro (id, socio_id, fecha, tipo, motivo) VALUES(146, 147, '2013-12-05', 'ALTA', 'Inscripción inicial');
INSERT INTO registro (id, socio_id, fecha, tipo, motivo) VALUES(147, 148, '2014-02-10', 'ALTA', 'Inscripción inicial');
INSERT INTO registro (id, socio_id, fecha, tipo, motivo) VALUES(148, 149, '2014-04-30', 'ALTA', 'Inscripción inicial');
INSERT INTO registro (id, socio_id, fecha, tipo, motivo) VALUES(149, 150, '2014-11-10', 'ALTA', 'Inscripción inicial');
INSERT INTO registro (id, socio_id, fecha, tipo, motivo) VALUES(150, 151, '2015-02-19', 'ALTA', 'Inscripción inicial');
INSERT INTO registro (id, socio_id, fecha, tipo, motivo) VALUES(151, 152, '2015-02-19', 'ALTA', 'Inscripción inicial');
INSERT INTO registro (id, socio_id, fecha, tipo, motivo) VALUES(152, 153, '2015-09-21', 'ALTA', 'Inscripción inicial');
INSERT INTO registro (id, socio_id, fecha, tipo, motivo) VALUES(153, 154, '2015-12-02', 'ALTA', 'Inscripción inicial');
INSERT INTO registro (id, socio_id, fecha, tipo, motivo) VALUES(154, 155, '2015-12-02', 'ALTA', 'Inscripción inicial');
INSERT INTO registro (id, socio_id, fecha, tipo, motivo) VALUES(155, 156, '2016-03-02', 'ALTA', 'Inscripción inicial');
INSERT INTO registro (id, socio_id, fecha, tipo, motivo) VALUES(156, 157, '2016-03-02', 'ALTA', 'Inscripción inicial');
INSERT INTO registro (id, socio_id, fecha, tipo, motivo) VALUES(157, 158, '2016-03-02', 'ALTA', 'Inscripción inicial');
INSERT INTO registro (id, socio_id, fecha, tipo, motivo) VALUES(158, 159, '2016-07-21', 'ALTA', 'Inscripción inicial');
INSERT INTO registro (id, socio_id, fecha, tipo, motivo) VALUES(159, 160, '2016-07-21', 'ALTA', 'Inscripción inicial');
INSERT INTO registro (id, socio_id, fecha, tipo, motivo) VALUES(160, 161, '2016-07-21', 'ALTA', 'Inscripción inicial');
INSERT INTO registro (id, socio_id, fecha, tipo, motivo) VALUES(161, 162, '2016-10-07', 'ALTA', 'Inscripción inicial');
INSERT INTO registro (id, socio_id, fecha, tipo, motivo) VALUES(162, 163, '2016-10-07', 'ALTA', 'Inscripción inicial');
INSERT INTO registro (id, socio_id, fecha, tipo, motivo) VALUES(163, 164, '2016-10-07', 'ALTA', 'Inscripción inicial');
INSERT INTO registro (id, socio_id, fecha, tipo, motivo) VALUES(164, 165, '2016-10-07', 'ALTA', 'Inscripción inicial');
INSERT INTO registro (id, socio_id, fecha, tipo, motivo) VALUES(165, 166, '2017-01-02', 'ALTA', 'Inscripción inicial');
INSERT INTO registro (id, socio_id, fecha, tipo, motivo) VALUES(166, 167, '2017-01-10', 'ALTA', 'Inscripción inicial');
INSERT INTO registro (id, socio_id, fecha, tipo, motivo) VALUES(167, 168, '2017-01-10', 'ALTA', 'Inscripción inicial');
INSERT INTO registro (id, socio_id, fecha, tipo, motivo) VALUES(168, 169, '2017-07-03', 'ALTA', 'Inscripción inicial');
INSERT INTO registro (id, socio_id, fecha, tipo, motivo) VALUES(169, 170, '2017-07-03', 'ALTA', 'Inscripción inicial');
INSERT INTO registro (id, socio_id, fecha, tipo, motivo) VALUES(170, 171, '2017-07-03', 'ALTA', 'Inscripción inicial');
INSERT INTO registro (id, socio_id, fecha, tipo, motivo) VALUES(171, 172, '2018-03-06', 'ALTA', 'Inscripción inicial');
INSERT INTO registro (id, socio_id, fecha, tipo, motivo) VALUES(172, 173, '2018-03-06', 'ALTA', 'Inscripción inicial');
INSERT INTO registro (id, socio_id, fecha, tipo, motivo) VALUES(173, 174, '2018-03-06', 'ALTA', 'Inscripción inicial');
INSERT INTO registro (id, socio_id, fecha, tipo, motivo) VALUES(174, 175, '2018-03-14', 'ALTA', 'Inscripción inicial');
INSERT INTO registro (id, socio_id, fecha, tipo, motivo) VALUES(175, 176, '2018-03-06', 'ALTA', 'Inscripción inicial');
INSERT INTO registro (id, socio_id, fecha, tipo, motivo) VALUES(176, 177, '2018-03-06', 'ALTA', 'Inscripción inicial');
INSERT INTO registro (id, socio_id, fecha, tipo, motivo) VALUES(177, 178, '2018-03-06', 'ALTA', 'Inscripción inicial');
INSERT INTO registro (id, socio_id, fecha, tipo, motivo) VALUES(178, 179, '2018-06-06', 'ALTA', 'Inscripción inicial');
INSERT INTO registro (id, socio_id, fecha, tipo, motivo) VALUES(179, 180, '2018-09-01', 'ALTA', 'Inscripción inicial');
INSERT INTO registro (id, socio_id, fecha, tipo, motivo) VALUES(180, 181, '2018-09-01', 'ALTA', 'Inscripción inicial');
INSERT INTO registro (id, socio_id, fecha, tipo, motivo) VALUES(181, 182, '2018-11-20', 'ALTA', 'Inscripción inicial');
INSERT INTO registro (id, socio_id, fecha, tipo, motivo) VALUES(182, 183, '2018-12-21', 'ALTA', 'Inscripción inicial');
INSERT INTO registro (id, socio_id, fecha, tipo, motivo) VALUES(183, 184, '2018-12-21', 'ALTA', 'Inscripción inicial');
INSERT INTO registro (id, socio_id, fecha, tipo, motivo) VALUES(184, 185, '2018-12-28', 'ALTA', 'Inscripción inicial');
INSERT INTO registro (id, socio_id, fecha, tipo, motivo) VALUES(185, 186, '2019-02-28', 'ALTA', 'Inscripción inicial');
INSERT INTO registro (id, socio_id, fecha, tipo, motivo) VALUES(186, 187, '2019-11-04', 'ALTA', 'Inscripción inicial');
INSERT INTO registro (id, socio_id, fecha, tipo, motivo) VALUES(187, 188, '2019-11-04', 'ALTA', 'Inscripción inicial');
INSERT INTO registro (id, socio_id, fecha, tipo, motivo) VALUES(188, 189, '2019-11-07', 'ALTA', 'Inscripción inicial');
INSERT INTO registro (id, socio_id, fecha, tipo, motivo) VALUES(189, 190, '2019-11-14', 'ALTA', 'Inscripción inicial');
INSERT INTO registro (id, socio_id, fecha, tipo, motivo) VALUES(190, 191, '2019-12-11', 'ALTA', 'Inscripción inicial');
INSERT INTO registro (id, socio_id, fecha, tipo, motivo) VALUES(191, 192, '2019-12-12', 'ALTA', 'Inscripción inicial');
INSERT INTO registro (id, socio_id, fecha, tipo, motivo) VALUES(192, 193, '2020-01-06', 'ALTA', 'Inscripción inicial');
INSERT INTO registro (id, socio_id, fecha, tipo, motivo) VALUES(193, 194, '2020-01-17', 'ALTA', 'Inscripción inicial');
INSERT INTO registro (id, socio_id, fecha, tipo, motivo) VALUES(194, 195, '2020-01-27', 'ALTA', 'Inscripción inicial');
INSERT INTO registro (id, socio_id, fecha, tipo, motivo) VALUES(195, 196, '2020-02-12', 'ALTA', 'Inscripción inicial');
INSERT INTO registro (id, socio_id, fecha, tipo, motivo) VALUES(196, 197, '2020-02-12', 'ALTA', 'Inscripción inicial');
INSERT INTO registro (id, socio_id, fecha, tipo, motivo) VALUES(197, 198, '2020-02-13', 'ALTA', 'Inscripción inicial');
INSERT INTO registro (id, socio_id, fecha, tipo, motivo) VALUES(198, 199, '2020-02-13', 'ALTA', 'Inscripción inicial');
INSERT INTO registro (id, socio_id, fecha, tipo, motivo) VALUES(199, 200, '2020-02-13', 'ALTA', 'Inscripción inicial');
INSERT INTO registro (id, socio_id, fecha, tipo, motivo) VALUES(200, 201, '2020-03-04', 'ALTA', 'Inscripción inicial');
INSERT INTO registro (id, socio_id, fecha, tipo, motivo) VALUES(201, 202, '2020-03-12', 'ALTA', 'Inscripción inicial');
INSERT INTO registro (id, socio_id, fecha, tipo, motivo) VALUES(202, 203, '2020-12-17', 'ALTA', 'Inscripción inicial');
INSERT INTO registro (id, socio_id, fecha, tipo, motivo) VALUES(203, 204, '2020-12-17', 'ALTA', 'Inscripción inicial');
INSERT INTO registro (id, socio_id, fecha, tipo, motivo) VALUES(204, 205, '2020-12-17', 'ALTA', 'Inscripción inicial');
INSERT INTO registro (id, socio_id, fecha, tipo, motivo) VALUES(205, 206, '2020-12-17', 'ALTA', 'Inscripción inicial');
INSERT INTO registro (id, socio_id, fecha, tipo, motivo) VALUES(206, 207, '2020-12-17', 'ALTA', 'Inscripción inicial');
INSERT INTO registro (id, socio_id, fecha, tipo, motivo) VALUES(207, 208, '2021-01-13', 'ALTA', 'Inscripción inicial');
INSERT INTO registro (id, socio_id, fecha, tipo, motivo) VALUES(208, 209, '2021-01-13', 'ALTA', 'Inscripción inicial');
INSERT INTO registro (id, socio_id, fecha, tipo, motivo) VALUES(209, 210, '2021-01-13', 'ALTA', 'Inscripción inicial');
INSERT INTO registro (id, socio_id, fecha, tipo, motivo) VALUES(210, 211, '2021-01-14', 'ALTA', 'Inscripción inicial');
INSERT INTO registro (id, socio_id, fecha, tipo, motivo) VALUES(211, 212, '2021-02-09', 'ALTA', 'Inscripción inicial');
INSERT INTO registro (id, socio_id, fecha, tipo, motivo) VALUES(212, 213, '2021-02-09', 'ALTA', 'Inscripción inicial');
INSERT INTO registro (id, socio_id, fecha, tipo, motivo) VALUES(213, 214, '2021-02-09', 'ALTA', 'Inscripción inicial');
INSERT INTO registro (id, socio_id, fecha, tipo, motivo) VALUES(214, 215, '2021-02-09', 'ALTA', 'Inscripción inicial');
INSERT INTO registro (id, socio_id, fecha, tipo, motivo) VALUES(215, 216, '2021-03-16', 'ALTA', 'Inscripción inicial');
INSERT INTO registro (id, socio_id, fecha, tipo, motivo) VALUES(216, 217, '2021-03-18', 'ALTA', 'Inscripción inicial');
INSERT INTO registro (id, socio_id, fecha, tipo, motivo) VALUES(217, 218, '2021-07-06', 'ALTA', 'Inscripción inicial');
INSERT INTO registro (id, socio_id, fecha, tipo, motivo) VALUES(218, 219, '2021-07-07', 'ALTA', 'Inscripción inicial');
INSERT INTO registro (id, socio_id, fecha, tipo, motivo) VALUES(219, 220, '2021-08-11', 'ALTA', 'Inscripción inicial');
INSERT INTO registro (id, socio_id, fecha, tipo, motivo) VALUES(220, 221, '2021-09-07', 'ALTA', 'Inscripción inicial');
INSERT INTO registro (id, socio_id, fecha, tipo, motivo) VALUES(221, 222, '2021-09-08', 'ALTA', 'Inscripción inicial');
INSERT INTO registro (id, socio_id, fecha, tipo, motivo) VALUES(222, 223, '2021-09-23', 'ALTA', 'Inscripción inicial');
INSERT INTO registro (id, socio_id, fecha, tipo, motivo) VALUES(223, 224, '2021-09-27', 'ALTA', 'Inscripción inicial');
INSERT INTO registro (id, socio_id, fecha, tipo, motivo) VALUES(224, 225, '2021-10-27', 'ALTA', 'Inscripción inicial');
INSERT INTO registro (id, socio_id, fecha, tipo, motivo) VALUES(225, 226, '2021-10-27', 'ALTA', 'Inscripción inicial');
INSERT INTO registro (id, socio_id, fecha, tipo, motivo) VALUES(226, 227, '2021-10-27', 'ALTA', 'Inscripción inicial');
INSERT INTO registro (id, socio_id, fecha, tipo, motivo) VALUES(227, 228, '2021-10-27', 'ALTA', 'Inscripción inicial');
INSERT INTO registro (id, socio_id, fecha, tipo, motivo) VALUES(228, 229, '2021-10-27', 'ALTA', 'Inscripción inicial');
INSERT INTO registro (id, socio_id, fecha, tipo, motivo) VALUES(229, 230, '2021-11-08', 'ALTA', 'Inscripción inicial');
INSERT INTO registro (id, socio_id, fecha, tipo, motivo) VALUES(230, 231, '2021-11-17', 'ALTA', 'Inscripción inicial');
INSERT INTO registro (id, socio_id, fecha, tipo, motivo) VALUES(231, 232, '2021-11-17', 'ALTA', 'Inscripción inicial');
INSERT INTO registro (id, socio_id, fecha, tipo, motivo) VALUES(232, 233, '2021-12-02', 'ALTA', 'Inscripción inicial');
INSERT INTO registro (id, socio_id, fecha, tipo, motivo) VALUES(233, 234, '2022-01-04', 'ALTA', 'Inscripción inicial');
INSERT INTO registro (id, socio_id, fecha, tipo, motivo) VALUES(234, 235, '2022-01-04', 'ALTA', 'Inscripción inicial');
INSERT INTO registro (id, socio_id, fecha, tipo, motivo) VALUES(235, 236, '2022-01-04', 'ALTA', 'Inscripción inicial');
INSERT INTO registro (id, socio_id, fecha, tipo, motivo) VALUES(236, 237, '2022-01-04', 'ALTA', 'Inscripción inicial');
INSERT INTO registro (id, socio_id, fecha, tipo, motivo) VALUES(237, 238, '2022-03-14', 'ALTA', 'Inscripción inicial');
INSERT INTO registro (id, socio_id, fecha, tipo, motivo) VALUES(238, 239, '2022-03-14', 'ALTA', 'Inscripción inicial');
INSERT INTO registro (id, socio_id, fecha, tipo, motivo) VALUES(239, 240, '2022-06-07', 'ALTA', 'Inscripción inicial');
INSERT INTO registro (id, socio_id, fecha, tipo, motivo) VALUES(240, 241, '2022-06-07', 'ALTA', 'Inscripción inicial');
INSERT INTO registro (id, socio_id, fecha, tipo, motivo) VALUES(241, 242, '2022-06-07', 'ALTA', 'Inscripción inicial');
INSERT INTO registro (id, socio_id, fecha, tipo, motivo) VALUES(242, 243, '2022-06-07', 'ALTA', 'Inscripción inicial');
INSERT INTO registro (id, socio_id, fecha, tipo, motivo) VALUES(243, 244, '2022-06-07', 'ALTA', 'Inscripción inicial');
INSERT INTO registro (id, socio_id, fecha, tipo, motivo) VALUES(244, 245, '2022-10-20', 'ALTA', 'Inscripción inicial');
INSERT INTO registro (id, socio_id, fecha, tipo, motivo) VALUES(245, 246, '2022-10-21', 'ALTA', 'Inscripción inicial');
INSERT INTO registro (id, socio_id, fecha, tipo, motivo) VALUES(246, 247, '2022-10-21', 'ALTA', 'Inscripción inicial');
INSERT INTO registro (id, socio_id, fecha, tipo, motivo) VALUES(247, 248, '2022-10-21', 'ALTA', 'Inscripción inicial');
INSERT INTO registro (id, socio_id, fecha, tipo, motivo) VALUES(248, 249, '2023-01-03', 'ALTA', 'Inscripción inicial');
INSERT INTO registro (id, socio_id, fecha, tipo, motivo) VALUES(249, 250, '2023-01-04', 'ALTA', 'Inscripción inicial');
INSERT INTO registro (id, socio_id, fecha, tipo, motivo) VALUES(250, 251, '2023-01-04', 'ALTA', 'Inscripción inicial');
INSERT INTO registro (id, socio_id, fecha, tipo, motivo) VALUES(251, 252, '2023-01-04', 'ALTA', 'Inscripción inicial');
INSERT INTO registro (id, socio_id, fecha, tipo, motivo) VALUES(252, 253, '2023-01-04', 'ALTA', 'Inscripción inicial');
INSERT INTO registro (id, socio_id, fecha, tipo, motivo) VALUES(253, 254, '2023-01-04', 'ALTA', 'Inscripción inicial');
INSERT INTO registro (id, socio_id, fecha, tipo, motivo) VALUES(254, 255, '2023-01-04', 'ALTA', 'Inscripción inicial');
INSERT INTO registro (id, socio_id, fecha, tipo, motivo) VALUES(255, 256, '2023-02-10', 'ALTA', 'Inscripción inicial');
INSERT INTO registro (id, socio_id, fecha, tipo, motivo) VALUES(256, 257, '2023-02-10', 'ALTA', 'Inscripción inicial');
INSERT INTO registro (id, socio_id, fecha, tipo, motivo) VALUES(257, 258, '2023-02-10', 'ALTA', 'Inscripción inicial');
INSERT INTO registro (id, socio_id, fecha, tipo, motivo) VALUES(258, 259, '2023-02-10', 'ALTA', 'Inscripción inicial');
INSERT INTO registro (id, socio_id, fecha, tipo, motivo) VALUES(259, 260, '2023-02-10', 'ALTA', 'Inscripción inicial');
INSERT INTO registro (id, socio_id, fecha, tipo, motivo) VALUES(260, 261, '2023-05-22', 'ALTA', 'Inscripción inicial');
INSERT INTO registro (id, socio_id, fecha, tipo, motivo) VALUES(261, 262, '2023-05-22', 'ALTA', 'Inscripción inicial');
INSERT INTO registro (id, socio_id, fecha, tipo, motivo) VALUES(262, 263, '2023-05-22', 'ALTA', 'Inscripción inicial');
INSERT INTO registro (id, socio_id, fecha, tipo, motivo) VALUES(263, 264, '2023-05-22', 'ALTA', 'Inscripción inicial');
INSERT INTO registro (id, socio_id, fecha, tipo, motivo) VALUES(264, 265, '2023-08-01', 'ALTA', 'Inscripción inicial');
INSERT INTO registro (id, socio_id, fecha, tipo, motivo) VALUES(265, 266, '2023-09-01', 'ALTA', 'Inscripción inicial');
INSERT INTO registro (id, socio_id, fecha, tipo, motivo) VALUES(266, 267, '2023-09-01', 'ALTA', 'Inscripción inicial');
INSERT INTO registro (id, socio_id, fecha, tipo, motivo) VALUES(267, 268, '2023-09-01', 'ALTA', 'Inscripción inicial');
INSERT INTO registro (id, socio_id, fecha, tipo, motivo) VALUES(268, 269, '2023-10-02', 'ALTA', 'Inscripción inicial');
INSERT INTO registro (id, socio_id, fecha, tipo, motivo) VALUES(269, 270, '2023-10-02', 'ALTA', 'Inscripción inicial');
INSERT INTO registro (id, socio_id, fecha, tipo, motivo) VALUES(270, 271, '2023-10-02', 'ALTA', 'Inscripción inicial');
INSERT INTO registro (id, socio_id, fecha, tipo, motivo) VALUES(271, 272, '2023-12-05', 'ALTA', 'Inscripción inicial');
INSERT INTO registro (id, socio_id, fecha, tipo, motivo) VALUES(272, 273, '2023-12-05', 'ALTA', 'Inscripción inicial');
INSERT INTO registro (id, socio_id, fecha, tipo, motivo) VALUES(273, 274, '2023-12-05', 'ALTA', 'Inscripción inicial');
INSERT INTO registro (id, socio_id, fecha, tipo, motivo) VALUES(274, 275, '2023-12-05', 'ALTA', 'Inscripción inicial');
INSERT INTO registro (id, socio_id, fecha, tipo, motivo) VALUES(275, 276, '2023-12-05', 'ALTA', 'Inscripción inicial');
INSERT INTO registro (id, socio_id, fecha, tipo, motivo) VALUES(276, 277, '2023-12-05', 'ALTA', 'Inscripción inicial');
INSERT INTO registro (id, socio_id, fecha, tipo, motivo) VALUES(277, 278, '2023-12-05', 'ALTA', 'Inscripción inicial');
INSERT INTO registro (id, socio_id, fecha, tipo, motivo) VALUES(278, 279, '2023-12-05', 'ALTA', 'Inscripción inicial');
INSERT INTO registro (id, socio_id, fecha, tipo, motivo) VALUES(279, 280, '2023-12-05', 'ALTA', 'Inscripción inicial');
INSERT INTO registro (id, socio_id, fecha, tipo, motivo) VALUES(280, 281, '2023-12-05', 'ALTA', 'Inscripción inicial');
INSERT INTO registro (id, socio_id, fecha, tipo, motivo) VALUES(281, 282, '2023-12-05', 'ALTA', 'Inscripción inicial');
INSERT INTO registro (id, socio_id, fecha, tipo, motivo) VALUES(282, 283, '2023-12-05', 'ALTA', 'Inscripción inicial');
INSERT INTO registro (id, socio_id, fecha, tipo, motivo) VALUES(283, 284, '2024-02-01', 'ALTA', 'Inscripción inicial');
INSERT INTO registro (id, socio_id, fecha, tipo, motivo) VALUES(284, 285, '2024-02-02', 'ALTA', 'Inscripción inicial');
INSERT INTO registro (id, socio_id, fecha, tipo, motivo) VALUES(285, 286, '2024-02-06', 'ALTA', 'Inscripción inicial');
INSERT INTO registro (id, socio_id, fecha, tipo, motivo) VALUES(286, 287, '2024-02-06', 'ALTA', 'Inscripción inicial');
INSERT INTO registro (id, socio_id, fecha, tipo, motivo) VALUES(287, 288, '2024-02-06', 'ALTA', 'Inscripción inicial');
INSERT INTO registro (id, socio_id, fecha, tipo, motivo) VALUES(288, 289, '2024-02-08', 'ALTA', 'Inscripción inicial');
INSERT INTO registro (id, socio_id, fecha, tipo, motivo) VALUES(289, 290, '2024-02-09', 'ALTA', 'Inscripción inicial');
ALTER SEQUENCE registro_seq RESTART WITH 291;